OLD LGA ID,New LGA-ID,LGA,OLD state id,NEW STATE ID,State,Composite,Wallet,Wallet_ID,Federal Constituency,Federal_Constituency_ID,Senatorial Zone,Senatorial_ID,Geo-Political Zone,Geopolitical_ID,
2,1,Aba North,1,1,ABIA,Aba North_ABIA,Aku,2,ABA NORTH/ABA SOUTH,1,ABIA South,3,South-East,4,
3,2,Aba South,1,1,ABIA,Aba South_ABIA,Aku,2,ABA NORTH/ABA SOUTH,1,ABIA South,3,South-East,4,
4,3,Arochukwu,1,1,ABIA,Arochukwu_ABIA,Eyowo,1,AROCHUKWU/OHAFIA,2,ABIA North,2,South-East,4,
5,4,Bende,1,1,ABIA,Bende_ABIA,Eyowo,1,BENDE,3,ABIA North,2,South-East,4,
6,5,Ikwuano,1,1,ABIA,Ikwuano_ABIA,Eyowo,1,IKWUANO/UMUAHIA NORTH/UMUAHIA SOUTH,4,ABIA Central,1,South-East,4,
7,6,Isiala Ngwa North,1,1,ABIA,Isiala Ngwa North_ABIA,Eyowo,1,ISIALA NGWA NORTH/SOUTH,5,ABIA Central,1,South-East,4,
8,7,Isiala Ngwa South,1,1,ABIA,Isiala Ngwa South_ABIA,Eyowo,1,ISIALA NGWA NORTH/SOUTH,5,ABIA Central,1,South-East,4,
9,8,Isuikwuato,1,1,ABIA,Isuikwuato_ABIA,Eyowo,1,UMU-NNEOCHI/ISUIKWUATO,8,ABIA North,2,South-East,4,
10,9,Obi Ngwa,1,1,ABIA,Obi Ngwa_ABIA,Aku,2,OBINGWA/OSISIOMA/UGWUNAGBO,6,ABIA South,3,South-East,4,
11,10,Ohafia,1,1,ABIA,Ohafia_ABIA,Eyowo,1,AROCHUKWU/OHAFIA,2,ABIA North,2,South-East,4,
12,11,Osisioma,1,1,ABIA,Osisioma_ABIA,Aku,2,OBINGWA/OSISIOMA/UGWUNAGBO,6,ABIA Central,1,South-East,4,
14,12,Ugwunagbo,1,1,ABIA,Ugwunagbo_ABIA,Aku,2,OBINGWA/OSISIOMA/UGWUNAGBO,6,ABIA South,3,South-East,4,
15,13,Ukwa East,1,1,ABIA,Ukwa East_ABIA,Aku,2,UKWA EAST/ UKWA WEST,7,ABIA South,3,South-East,4,
16,14,Ukwa West,1,1,ABIA,Ukwa West_ABIA,Aku,2,UKWA EAST/ UKWA WEST,7,ABIA South,3,South-East,4,
17,15,Umuahia North,1,1,ABIA,Umuahia North_ABIA,Eyowo,1,IKWUANO/UMUAHIA NORTH/UMUAHIA SOUTH,4,ABIA Central,1,South-East,4,
18,16,Umuahia South,1,1,ABIA,Umuahia South_ABIA,Eyowo,1,IKWUANO/UMUAHIA NORTH/UMUAHIA SOUTH,4,ABIA Central,1,South-East,4,
19,17,Umunneochi,1,1,ABIA,Umunneochi_ABIA,Eyowo,1,UMU-NNEOCHI/ISUIKWUATO,8,ABIA North,2,South-East,4,
26,18,Demsa,3,2,ADAMAWA,Demsa_ADAMAWA,Aku,2,LAMURDE/NUMAN/DEMSA,13,ADAMAWA South,6,North-East,2,
27,19,Fufure,3,2,ADAMAWA,Fufure_ADAMAWA,Aku,2,SONG/FUFORE,18,ADAMAWA Central,4,North-East,2,
28,20,Ganye,3,2,ADAMAWA,Ganye_ADAMAWA,Aku,2,MAYO BELWA/TOUNGO/JADA/GANYE,16,ADAMAWA South,6,North-East,2,
31,21,Gayuk,3,2,ADAMAWA,Gayuk_ADAMAWA,Aku,2,SHELLENG/GUYUK,17,ADAMAWA South,6,North-East,2,
29,22,Girei,3,2,ADAMAWA,Girei_ADAMAWA,Aku,2,GIREI/YOLA NORTH/YOLA SOUTH,11,ADAMAWA Central,4,North-East,2,
30,23,Gombi,3,2,ADAMAWA,Gombi_ADAMAWA,Aku,2,HONG/GOMBI,12,ADAMAWA Central,4,North-East,2,
32,24,Hong,3,2,ADAMAWA,Hong_ADAMAWA,Aku,2,HONG/GOMBI,12,ADAMAWA Central,4,North-East,2,
33,25,Jada,3,2,ADAMAWA,Jada_ADAMAWA,Aku,2,MAYO BELWA/TOUNGO/JADA/GANYE,16,ADAMAWA South,6,North-East,2,
34,26,Lamurde,3,2,ADAMAWA,Lamurde_ADAMAWA,Aku,2,LAMURDE/NUMAN/DEMSA,13,ADAMAWA South,6,North-East,2,
35,27,Madagali,3,2,ADAMAWA,Madagali_ADAMAWA,Aku,2,MADAGALI/MICHIKA,14,ADAMAWA North,5,North-East,2,
36,28,Maiha,3,2,ADAMAWA,Maiha_ADAMAWA,Aku,2,MAIHA/MUBI NORTH/ MUBI SOUTH,15,ADAMAWA North,5,North-East,2,
37,29,Mayo Belwa,3,2,ADAMAWA,Mayo Belwa_ADAMAWA,Aku,2,MAYO BELWA/TOUNGO/JADA/GANYE,16,ADAMAWA South,6,North-East,2,
38,30,Michika,3,2,ADAMAWA,Michika_ADAMAWA,Aku,2,MADAGALI/MICHIKA,14,ADAMAWA North,5,North-East,2,
39,31,Mubi North,3,2,ADAMAWA,Mubi North_ADAMAWA,Aku,2,MAIHA/MUBI NORTH/ MUBI SOUTH,15,ADAMAWA North,5,North-East,2,
40,32,Mubi South,3,2,ADAMAWA,Mubi South_ADAMAWA,Aku,2,MAIHA/MUBI NORTH/ MUBI SOUTH,15,ADAMAWA North,5,North-East,2,
41,33,Numan,3,2,ADAMAWA,Numan_ADAMAWA,Aku,2,LAMURDE/NUMAN/DEMSA,13,ADAMAWA South,6,North-East,2,
42,34,Shelleng,3,2,ADAMAWA,Shelleng_ADAMAWA,Aku,2,SHELLENG/GUYUK,17,ADAMAWA South,6,North-East,2,
43,35,Song,3,2,ADAMAWA,Song_ADAMAWA,Aku,2,SONG/FUFORE,18,ADAMAWA Central,4,North-East,2,
44,36,Toungo,3,2,ADAMAWA,Toungo_ADAMAWA,Aku,2,MAYO BELWA/TOUNGO/JADA/GANYE,16,ADAMAWA South,6,North-East,2,
45,37,Yola North,3,2,ADAMAWA,Yola North_ADAMAWA,Aku,2,GIREI/YOLA NORTH/YOLA SOUTH,11,ADAMAWA Central,4,North-East,2,
46,38,Yola South,3,2,ADAMAWA,Yola South_ADAMAWA,Aku,2,GIREI/YOLA NORTH/YOLA SOUTH,11,ADAMAWA Central,4,North-East,2,
47,39,Abak,4,3,AKWA IBOM,Abak_AKWA IBOM,Eyowo,1,ABAK/ETIM EKPO/IKA,19,AKWA IBOM North-West,8,South-South,5,
48,40,Eastern Obolo,4,3,AKWA IBOM,Eastern Obolo_AKWA IBOM,Eyowo,1,IKOT ABASI/MKPAT ENIN/EASTERN OBOLO,21,AKWA IBOM South,9,South-South,5,
49,41,Eket,4,3,AKWA IBOM,Eket_AKWA IBOM,Eyowo,1,EKET/ESIT EKET/ONNA/IBENO,20,AKWA IBOM South,9,South-South,5,
50,42,Esit Eket,4,3,AKWA IBOM,Esit Eket_AKWA IBOM,Eyowo,1,EKET/ESIT EKET/ONNA/IBENO,20,AKWA IBOM South,9,South-South,5,
51,43,Essien Udim,4,3,AKWA IBOM,Essien Udim_AKWA IBOM,Eyowo,1,IKOT EKPENE/ESSIEN UDIM/OBOT AKARA,22,AKWA IBOM North-West,8,South-South,5,
52,44,Etim Ekpo,4,3,AKWA IBOM,Etim Ekpo_AKWA IBOM,Eyowo,1,ABAK/ETIM EKPO/IKA,19,AKWA IBOM North-West,8,South-South,5,
53,45,Etinan,4,3,AKWA IBOM,Etinan_AKWA IBOM,Eyowo,1,NSIT IBOM/NSIT UBIUM/ETINAN,25,AKWA IBOM North-East,7,South-South,5,
54,46,Ibeno,4,3,AKWA IBOM,Ibeno_AKWA IBOM,Eyowo,1,EKET/ESIT EKET/ONNA/IBENO,20,AKWA IBOM South,9,South-South,5,
55,47,Ibesikpo Asutan,4,3,AKWA IBOM,Ibesikpo Asutan_AKWA IBOM,Eyowo,1,URUAN/UYO/NSIT ATAI/IBESIKPO ASUTAN,28,AKWA IBOM North-East,7,South-South,5,
56,48,Ibiono-Ibom,4,3,AKWA IBOM,Ibiono-Ibom_AKWA IBOM,Eyowo,1,ITU/IBIONO IBOM,24,AKWA IBOM North-East,7,South-South,5,
57,49,Ika,4,3,AKWA IBOM,Ika_AKWA IBOM,Eyowo,1,ABAK/ETIM EKPO/IKA,19,AKWA IBOM North-West,8,South-South,5,
58,50,Ikono,4,3,AKWA IBOM,Ikono_AKWA IBOM,Eyowo,1,INI/IKONO,23,AKWA IBOM North-West,8,South-South,5,
59,51,Ikot Abasi,4,3,AKWA IBOM,Ikot Abasi_AKWA IBOM,Eyowo,1,IKOT ABASI/MKPAT ENIN/EASTERN OBOLO,21,AKWA IBOM South,9,South-South,5,
60,52,Ikot Ekpene,4,3,AKWA IBOM,Ikot Ekpene_AKWA IBOM,Eyowo,1,IKOT EKPENE/ESSIEN UDIM/OBOT AKARA,22,AKWA IBOM North-West,8,South-South,5,
61,53,Ini,4,3,AKWA IBOM,Ini_AKWA IBOM,Eyowo,1,INI/IKONO,23,AKWA IBOM North-West,8,South-South,5,
62,54,Itu,4,3,AKWA IBOM,Itu_AKWA IBOM,Eyowo,1,ITU/IBIONO IBOM,24,AKWA IBOM North-East,7,South-South,5,
63,55,Mbo,4,3,AKWA IBOM,Mbo_AKWA IBOM,Eyowo,1,ORON/MBO/OKOBO/URUE OFFONG/ORUKO/UDUNG-UKO,26,AKWA IBOM South,9,South-South,5,
64,56,Mkpat-Enin,4,3,AKWA IBOM,Mkpat-Enin_AKWA IBOM,Eyowo,1,IKOT ABASI/MKPAT ENIN/EASTERN OBOLO,21,AKWA IBOM South,9,South-South,5,
65,57,Nsit-Atai,4,3,AKWA IBOM,Nsit-Atai_AKWA IBOM,Eyowo,1,URUAN/UYO/NSIT ATAI/IBESIKPO ASUTAN,28,AKWA IBOM North-East,7,South-South,5,
66,58,Nsit-Ibom,4,3,AKWA IBOM,Nsit-Ibom_AKWA IBOM,Eyowo,1,NSIT IBOM/NSIT UBIUM/ETINAN,25,AKWA IBOM North-East,7,South-South,5,
67,59,Nsit-Ubium,4,3,AKWA IBOM,Nsit-Ubium_AKWA IBOM,Eyowo,1,NSIT IBOM/NSIT UBIUM/ETINAN,25,AKWA IBOM North-East,7,South-South,5,
68,60,Obot Akara,4,3,AKWA IBOM,Obot Akara_AKWA IBOM,Eyowo,1,IKOT EKPENE/ESSIEN UDIM/OBOT AKARA,22,AKWA IBOM North-West,8,South-South,5,
69,61,Okobo,4,3,AKWA IBOM,Okobo_AKWA IBOM,Eyowo,1,ORON/MBO/OKOBO/URUE OFFONG/ORUKO/UDUNG-UKO,26,AKWA IBOM South,9,South-South,5,
70,62,Onna,4,3,AKWA IBOM,Onna_AKWA IBOM,Eyowo,1,EKET/ESIT EKET/ONNA/IBENO,20,AKWA IBOM South,9,South-South,5,
71,63,Oron,4,3,AKWA IBOM,Oron_AKWA IBOM,Eyowo,1,ORON/MBO/OKOBO/URUE OFFONG/ORUKO/UDUNG-UKO,26,AKWA IBOM South,9,South-South,5,
72,64,Oruk Anam,4,3,AKWA IBOM,Oruk Anam_AKWA IBOM,Eyowo,1,UKANAFUN/ORUKANAM,27,AKWA IBOM North-West,8,South-South,5,
73,65,Udung-Uko,4,3,AKWA IBOM,Udung-Uko_AKWA IBOM,Eyowo,1,ORON/MBO/OKOBO/URUE OFFONG/ORUKO/UDUNG-UKO,26,AKWA IBOM South,9,South-South,5,
74,66,Ukanafun,4,3,AKWA IBOM,Ukanafun_AKWA IBOM,Eyowo,1,UKANAFUN/ORUKANAM,27,AKWA IBOM North-West,8,South-South,5,
75,67,Uruan,4,3,AKWA IBOM,Uruan_AKWA IBOM,Eyowo,1,URUAN/UYO/NSIT ATAI/IBESIKPO ASUTAN,28,AKWA IBOM North-East,7,South-South,5,
76,68,Urue-Offong/Oruko,4,3,AKWA IBOM,Urue-Offong/Oruko_AKWA IBOM,Eyowo,1,ORON/MBO/OKOBO/URUE OFFONG/ORUKO/UDUNG-UKO,26,AKWA IBOM South,9,South-South,5,
77,69,Uyo,4,3,AKWA IBOM,Uyo_AKWA IBOM,Eyowo,1,URUAN/UYO/NSIT ATAI/IBESIKPO ASUTAN,28,AKWA IBOM North-East,7,South-South,5,
78,70,Aguata,5,4,ANAMBRA,Aguata_ANAMBRA,Aku,2,AGUTA,29,ANAMBRA South,12,South-East,4,
79,71,Anambra East,5,4,ANAMBRA,Anambra East_ANAMBRA,Aku,2,ANAMBRA EAST/ANAMBRA WEST,31,ANAMBRA North,11,South-East,4,
80,72,Anambra West,5,4,ANAMBRA,Anambra West_ANAMBRA,Aku,2,ANAMBRA EAST/ANAMBRA WEST,31,ANAMBRA North,11,South-East,4,
81,73,Anaocha,5,4,ANAMBRA,Anaocha_ANAMBRA,Aku,2,ANAOCHA/NJIKOKA/DUNUKOFIA,32,ANAMBRA Central,10,South-East,4,
82,74,Awka North,5,4,ANAMBRA,Awka North_ANAMBRA,Aku,2,AWKA NORTH/AWKA SOUTH,33,ANAMBRA Central,10,South-East,4,
83,75,Awka South,5,4,ANAMBRA,Awka South_ANAMBRA,Aku,2,AKWA NORTH/AWKA SOUTH,30,ANAMBRA Central,10,South-East,4,
84,76,Ayamelum,5,4,ANAMBRA,Ayamelum_ANAMBRA,Aku,2,OYI/AYAMELUM,40,ANAMBRA North,11,South-East,4,
85,77,Dunukofia,5,4,ANAMBRA,Dunukofia_ANAMBRA,Aku,2,ANAOCHA/NJIKOKA/DUNUKOFIA,32,ANAMBRA Central,10,South-East,4,
86,78,Ekwusigo,5,4,ANAMBRA,Ekwusigo_ANAMBRA,Aku,2,NNEWI NORTH/NNEWI SOUTH/EKWUSIGO,36,ANAMBRA South,12,South-East,4,
87,79,Idemili North,5,4,ANAMBRA,Idemili North_ANAMBRA,Aku,2,IDEMILI NORTH/IDEMILI SOUTH,34,ANAMBRA Central,10,South-East,4,
88,80,Idemili South,5,4,ANAMBRA,Idemili South_ANAMBRA,Aku,2,IDEMILI NORTH/IDEMILI SOUTH,34,ANAMBRA Central,10,South-East,4,
89,81,Ihiala,5,4,ANAMBRA,Ihiala_ANAMBRA,Aku,2,IHIALA,35,ANAMBRA South,12,South-East,4,
90,82,Njikoka,5,4,ANAMBRA,Njikoka_ANAMBRA,Aku,2,ANAOCHA/NJIKOKA/DUNUKOFIA,32,ANAMBRA Central,10,South-East,4,
91,83,Nnewi North,5,4,ANAMBRA,Nnewi North_ANAMBRA,Aku,2,NNEWI NORTH/NNEWI SOUTH/EKWUSIGO,36,ANAMBRA South,12,South-East,4,
92,84,Nnewi South,5,4,ANAMBRA,Nnewi South_ANAMBRA,Aku,2,NNEWI NORTH/NNEWI SOUTH/EKWUSIGO,36,ANAMBRA South,12,South-East,4,
93,85,Ogbaru,5,4,ANAMBRA,Ogbaru_ANAMBRA,Aku,2,OGBARU,37,ANAMBRA North,11,South-East,4,
94,86,Onitsha North,5,4,ANAMBRA,Onitsha North_ANAMBRA,Aku,2,ONITSHA NORTH/ONITSHA SOUTH,38,ANAMBRA North,11,South-East,4,
95,87,Onitsha South,5,4,ANAMBRA,Onitsha South_ANAMBRA,Aku,2,ONITSHA NORTH/ONITSHA SOUTH,38,ANAMBRA North,11,South-East,4,
96,88,Orumba North,5,4,ANAMBRA,Orumba North_ANAMBRA,Aku,2,ORUMBA NORTH/ORUMBA SOUTH,39,ANAMBRA South,12,South-East,4,
97,89,Orumba South,5,4,ANAMBRA,Orumba South_ANAMBRA,Aku,2,ORUMBA NORTH/ORUMBA SOUTH,39,ANAMBRA South,12,South-East,4,
98,90,Oyi,5,4,ANAMBRA,Oyi_ANAMBRA,Aku,2,OYI/AYAMELUM,40,ANAMBRA North,11,South-East,4,
99,91,Alkaleri,6,5,BAUCHI,Alkaleri_BAUCHI,Aku,2,ALKALERI/KIRFI,41,BAUCHI South,15,North-East,2,
100,92,Bauchi,6,5,BAUCHI,Bauchi_BAUCHI,Aku,2,BAUCHI,42,BAUCHI South,15,North-East,2,
101,93,Bogoro,6,5,BAUCHI,Bogoro_BAUCHI,Aku,2,BOGORO/DASS/TAFAWA BALEWA,43,BAUCHI South,15,North-East,2,
102,94,Damban,6,5,BAUCHI,Damban_BAUCHI,Aku,2,MISAU/DAMBAM,48,BAUCHI Central,13,North-East,2,
103,95,Darazo,6,5,BAUCHI,Darazo_BAUCHI,Aku,2,DARAZO/GANJUWA,44,BAUCHI Central,13,North-East,2,
104,96,Dass,6,5,BAUCHI,Dass_BAUCHI,Aku,2,BOGORO/DASS/TAFAWA BALEWA,43,BAUCHI South,15,North-East,2,
771,97,Gamawa,6,5,BAUCHI,Gamawa_BAUCHI,Aku,2,GAMAWA,45,BAUCHI North,14,North-East,2,
105,98,Ganjuwa,6,5,BAUCHI,Ganjuwa_BAUCHI,Aku,2,DARAZO/GANJUWA,44,BAUCHI Central,13,North-East,2,
106,99,Giade,6,5,BAUCHI,Giade_BAUCHI,Aku,2,SHIRA/GAIDE,50,BAUCHI North,14,North-East,2,
107,100,Itas/Gadau,6,5,BAUCHI,Itas/Gadau_BAUCHI,Aku,2,JAMA'ARE/ITAS-GADAU,46,BAUCHI North,14,North-East,2,
108,101,Jama'are,6,5,BAUCHI,Jama'are_BAUCHI,Aku,2,JAMA'ARE/ITAS-GADAU,46,BAUCHI North,14,North-East,2,
109,102,Katagum,6,5,BAUCHI,Katagum_BAUCHI,Aku,2,KATAGUM,47,BAUCHI North,14,North-East,2,
110,103,Kirfi,6,5,BAUCHI,Kirfi_BAUCHI,Aku,2,ALKALERI/KIRFI,41,BAUCHI South,15,North-East,2,
111,104,Misau,6,5,BAUCHI,Misau_BAUCHI,Aku,2,MISAU/DAMBAM,48,BAUCHI Central,13,North-East,2,
112,105,Ningi,6,5,BAUCHI,Ningi_BAUCHI,Aku,2,NINGI/WARJI,49,BAUCHI Central,13,North-East,2,
113,106,Shira,6,5,BAUCHI,Shira_BAUCHI,Aku,2,SHIRA/GAIDE,50,BAUCHI North,14,North-East,2,
114,107,Tafawa Balewa,6,5,BAUCHI,Tafawa Balewa_BAUCHI,Aku,2,BOGORO/DASS/TAFAWA BALEWA,43,BAUCHI South,15,North-East,2,
115,108,Toro,6,5,BAUCHI,Toro_BAUCHI,Aku,2,TORO,51,BAUCHI South,15,North-East,2,
116,109,Warji,6,5,BAUCHI,Warji_BAUCHI,Aku,2,NINGI/WARJI,49,BAUCHI Central,13,North-East,2,
117,110,Zaki,6,5,BAUCHI,Zaki_BAUCHI,Aku,2,ZAKI,52,BAUCHI North,14,North-East,2,
118,111,Brass,7,6,BAYELSA,Brass_BAYELSA,Eyowo,1,BRASS/NEMBE,53,BAYELSA East,17,South-South,5,
119,112,Ekeremor,7,6,BAYELSA,Ekeremor_BAYELSA,Eyowo,1,SAGBAMA/EKEREMOR,55,BAYELSA West,18,South-South,5,
120,113,Kolokuma/Opokuma,7,6,BAYELSA,Kolokuma/Opokuma_BAYELSA,Eyowo,1,YENAGOA/KOLOKUNA/OPOKUMA,57,BAYELSA Central,16,South-South,5,
121,114,Nembe,7,6,BAYELSA,Nembe_BAYELSA,Eyowo,1,BRASS/NEMBE,53,BAYELSA East,17,South-South,5,
122,115,Ogbia,7,6,BAYELSA,Ogbia_BAYELSA,Eyowo,1,OGBIA,54,BAYELSA East,17,South-South,5,
123,116,Sagbama,7,6,BAYELSA,Sagbama_BAYELSA,Eyowo,1,SAGBAMA/EKEREMOR,55,BAYELSA West,18,South-South,5,
124,117,Southern Ijaw,7,6,BAYELSA,Southern Ijaw_BAYELSA,Eyowo,1,SOUTHERN IJAW,56,BAYELSA Central,16,South-South,5,
125,118,Yenagoa,7,6,BAYELSA,Yenagoa_BAYELSA,Eyowo,1,YENAGOA/KOLOKUNA/OPOKUMA,57,BAYELSA Central,16,South-South,5,
126,119,Ado,8,7,BENUE,Ado_BENUE,Eyowo,1,ADO/OBADIGBO/OPKOKWU,58,BENUE South,21,North-Central,1,
127,120,Agatu,8,7,BENUE,Agatu_BENUE,Eyowo,1,APA/AGATU,59,BENUE South,21,North-Central,1,
128,121,Apa,8,7,BENUE,Apa_BENUE,Eyowo,1,APA/AGATU,59,BENUE South,21,North-Central,1,
129,122,Buruku,8,7,BENUE,Buruku_BENUE,Eyowo,1,BURUKU,60,BENUE North-West,20,North-Central,1,
130,123,Gboko,8,7,BENUE,Gboko_BENUE,Eyowo,1,GBOKO/TARKA,61,BENUE North-West,20,North-Central,1,
131,124,Guma,8,7,BENUE,Guma_BENUE,Eyowo,1,MAKURDI/GUMA,65,BENUE North-West,20,North-Central,1,
132,125,Gwer East,8,7,BENUE,Gwer East_BENUE,Eyowo,1,GWER EAST/GWER WEST,62,BENUE North-West,20,North-Central,1,
133,126,Gwer West,8,7,BENUE,Gwer West_BENUE,Eyowo,1,GWER EAST/GWER WEST,62,BENUE North-West,20,North-Central,1,
134,127,Katsina-Ala,8,7,BENUE,Katsina-Ala_BENUE,Eyowo,1,KATSINA-ALA/UKUM/LOGO,63,BENUE North-East,19,North-Central,1,
135,128,Konshisha,8,7,BENUE,Konshisha_BENUE,Eyowo,1,VANDEIKYA/KONSHISHA,68,BENUE North-East,19,North-Central,1,
136,129,Kwande,8,7,BENUE,Kwande_BENUE,Eyowo,1,KWANDE/USHONGO,64,BENUE North-East,19,North-Central,1,
137,130,Logo,8,7,BENUE,Logo_BENUE,Eyowo,1,KATSINA-ALA/UKUM/LOGO,63,BENUE North-East,19,North-Central,1,
138,131,Makurdi,8,7,BENUE,Makurdi_BENUE,Eyowo,1,MAKURDI/GUMA,65,BENUE North-West,20,North-Central,1,
139,132,Obi,8,7,BENUE,Obi_BENUE,Eyowo,1,OJU/OBI,66,BENUE South,21,North-Central,1,
140,133,Ogbadibo,8,7,BENUE,Ogbadibo_BENUE,Eyowo,1,ADO/OBADIGBO/OPKOKWU,58,BENUE South,21,North-Central,1,
143,134,Ohimini,8,7,BENUE,Ohimini_BENUE,Eyowo,1,OTUKPO/OHIMINI,67,BENUE South,21,North-Central,1,
141,135,Oju,8,7,BENUE,Oju_BENUE,Eyowo,1,OJU/OBI,66,BENUE South,21,North-Central,1,
142,136,Okpokwu,8,7,BENUE,Okpokwu_BENUE,Eyowo,1,ADO/OBADIGBO/OPKOKWU,58,BENUE South,21,North-Central,1,
144,137,Otukpo,8,7,BENUE,Otukpo_BENUE,Eyowo,1,OTUKPO/OHIMINI,67,BENUE South,21,North-Central,1,
145,138,Tarka,8,7,BENUE,Tarka_BENUE,Eyowo,1,GBOKO/TARKA,61,BENUE North-West,20,North-Central,1,
146,139,Ukum,8,7,BENUE,Ukum_BENUE,Eyowo,1,KATSINA-ALA/UKUM/LOGO,63,BENUE North-East,19,North-Central,1,
147,140,Ushongo,8,7,BENUE,Ushongo_BENUE,Eyowo,1,KWANDE/USHONGO,64,BENUE North-East,19,North-Central,1,
148,141,Vandeikya,8,7,BENUE,Vandeikya_BENUE,Eyowo,1,VANDEIKYA/KONSHISHA,68,BENUE North-East,19,North-Central,1,
149,142,Abadam,9,8,BORNO,Abadam_BORNO,Aku,2,KUKAWA/MOBBAR/ABADAM/GUZAMALI,76,BORNO North,23,North-East,2,
150,143,Askira/Uba,9,8,BORNO,Askira/Uba_BORNO,Aku,2,ASKIRA-UBA/HAWUL,69,BORNO South,24,North-East,2,
151,144,Bama,9,8,BORNO,Bama_BORNO,Eyowo,1,BAMA/NGALA/KALA-BALGE,70,BORNO Central,22,North-East,2,
152,145,Bayo,9,8,BORNO,Bayo_BORNO,Aku,2,BIU/BAYO/SHANI/KWAYA-KUSAR,71,BORNO South,24,North-East,2,
153,146,Biu,9,8,BORNO,Biu_BORNO,Aku,2,BIU/BAYO/SHANI/KWAYA-KUSAR,71,BORNO South,24,North-East,2,
154,147,Chibok,9,8,BORNO,Chibok_BORNO,Aku,2,DAMBOA/GWOZA/CHIBOK,72,BORNO South,24,North-East,2,
155,148,Damboa,9,8,BORNO,Damboa_BORNO,Aku,2,DAMBOA/GWOZA/CHIBOK,72,BORNO South,24,North-East,2,
156,149,Dikwa,9,8,BORNO,Dikwa_BORNO,Eyowo,1,DIKWA/MAFA/KONDUGA,73,BORNO Central,22,North-East,2,
157,150,Gubio,9,8,BORNO,Gubio_BORNO,Aku,2,KAGA/GUBIO/MAGUMERI,75,BORNO North,23,North-East,2,
158,151,Guzamala,9,8,BORNO,Guzamala_BORNO,Aku,2,KUKAWA/MOBBAR/ABADAM/GUZAMALI,76,BORNO North,23,North-East,2,
159,152,Gwoza,9,8,BORNO,Gwoza_BORNO,Aku,2,DAMBOA/GWOZA/CHIBOK,72,BORNO South,24,North-East,2,
160,153,Hawul,9,8,BORNO,Hawul_BORNO,Aku,2,ASKIRA-UBA/HAWUL,69,BORNO South,24,North-East,2,
161,154,Jere,9,8,BORNO,Jere_BORNO,Eyowo,1,JERE,74,BORNO Central,22,North-East,2,
162,155,Kaga,9,8,BORNO,Kaga_BORNO,Eyowo,1,KAGA/GUBIO/MAGUMERI,75,BORNO Central,22,North-East,2,
163,156,Kala/Balge,9,8,BORNO,Kala/Balge_BORNO,Eyowo,1,BAMA/NGALA/KALA-BALGE,70,BORNO Central,22,North-East,2,
164,157,Konduga,9,8,BORNO,Konduga_BORNO,Eyowo,1,DIKWA/MAFA/KONDUGA,73,BORNO Central,22,North-East,2,
165,158,Kukawa,9,8,BORNO,Kukawa_BORNO,Aku,2,KUKAWA/MOBBAR/ABADAM/GUZAMALI,76,BORNO North,23,North-East,2,
166,159,Kwaya Kusar,9,8,BORNO,Kwaya Kusar_BORNO,Aku,2,BIU/BAYO/SHANI/KWAYA-KUSAR,71,BORNO South,24,North-East,2,
167,160,Mafa,9,8,BORNO,Mafa_BORNO,Eyowo,1,DIKWA/MAFA/KONDUGA,73,BORNO Central,22,North-East,2,
168,161,Magumeri,9,8,BORNO,Magumeri_BORNO,Aku,2,KAGA/GUBIO/MAGUMERI,75,BORNO North,23,North-East,2,
169,162,Maiduguri,9,8,BORNO,Maiduguri_BORNO,Eyowo,1,MAIDUGURI METROPOLIS COUNCIL,77,BORNO Central,22,North-East,2,
170,163,Marte,9,8,BORNO,Marte_BORNO,Aku,2,MONGUNO/NGANZAI/MARTE,78,BORNO North,23,North-East,2,
171,164,Mobbar,9,8,BORNO,Mobbar_BORNO,Aku,2,KUKAWA/MOBBAR/ABADAM/GUZAMALI,76,BORNO North,23,North-East,2,
172,165,Monguno,9,8,BORNO,Monguno_BORNO,Aku,2,MONGUNO/NGANZAI/MARTE,78,BORNO North,23,North-East,2,
173,166,Ngala,9,8,BORNO,Ngala_BORNO,Eyowo,1,BAMA/NGALA/KALA-BALGE,70,BORNO Central,22,North-East,2,
174,167,Nganzai,9,8,BORNO,Nganzai_BORNO,Aku,2,MONGUNO/NGANZAI/MARTE,78,BORNO North,23,North-East,2,
175,168,Shani,9,8,BORNO,Shani_BORNO,Aku,2,BIU/BAYO/SHANI/KWAYA-KUSAR,71,BORNO South,24,North-East,2,
180,169,Abi,10,9,CROSS RIVER,Abi_CROSS RIVER,Eyowo,1,YAKURR/ABI,86,CROSS RIVER Central,25,South-South,5,
178,170,Akamkpa,10,9,CROSS RIVER,Akamkpa_CROSS RIVER,Eyowo,1,AKAMKPA/BIASE,79,CROSS RIVER South,27,South-South,5,
176,171,Akpabuyo,10,9,CROSS RIVER,Akpabuyo_CROSS RIVER,Eyowo,1,AKPABUYO/BAKASSI/CALABAR SOUTH,80,CROSS RIVER South,27,South-South,5,
192,172,Bakassi,10,9,CROSS RIVER,Bakassi_CROSS RIVER,Eyowo,1,AKPABUYO/BAKASSI/CALABAR SOUTH,80,CROSS RIVER South,27,South-South,5,
191,173,Bekwarra,10,9,CROSS RIVER,Bekwarra_CROSS RIVER,Eyowo,1,BEKWARRA/OBUDU/OBANLIKU,81,CROSS RIVER North,26,South-South,5,
179,174,Biase,10,9,CROSS RIVER,Biase_CROSS RIVER,Eyowo,1,AKAMKPA/BIASE,79,CROSS RIVER North,26,South-South,5,
184,175,Boki,10,9,CROSS RIVER,Boki_CROSS RIVER,Eyowo,1,IKOM/BOKI,83,CROSS RIVER Central,25,South-South,5,
193,176,Calabar Municipal,10,9,CROSS RIVER,Calabar Municipal_CROSS RIVER,Eyowo,1,CALABAR MUNICIPAL/ ODUKPANI,82,CROSS RIVER South,27,South-South,5,
189,177,Calabar South,10,9,CROSS RIVER,Calabar South_CROSS RIVER,Eyowo,1,AKPABUYO/BAKASSI/CALABAR SOUTH,80,CROSS RIVER South,27,South-South,5,
190,178,Etung,10,9,CROSS RIVER,Etung_CROSS RIVER,Eyowo,1,OBUBRA/ETUNG,84,CROSS RIVER Central,25,South-South,5,
181,179,Ikom,10,9,CROSS RIVER,Ikom_CROSS RIVER,Eyowo,1,IKOM/BOKI,83,CROSS RIVER Central,25,South-South,5,
187,180,Obanliku,10,9,CROSS RIVER,Obanliku_CROSS RIVER,Eyowo,1,BEKWARRA/OBUDU/OBANLIKU,81,CROSS RIVER North,26,South-South,5,
183,181,Obubra,10,9,CROSS RIVER,Obubra_CROSS RIVER,Eyowo,1,OBUBRA/ETUNG,84,CROSS RIVER Central,25,South-South,5,
188,182,Obudu,10,9,CROSS RIVER,Obudu_CROSS RIVER,Eyowo,1,BEKWARRA/OBUDU/OBANLIKU,81,CROSS RIVER North,26,South-South,5,
177,183,Odukpani,10,9,CROSS RIVER,Odukpani_CROSS RIVER,Eyowo,1,CALABAR MUNICIPAL/ ODUKPANI,82,CROSS RIVER South,27,South-South,5,
185,184,Ogoja,10,9,CROSS RIVER,Ogoja_CROSS RIVER,Eyowo,1,OGOJA/YALA,85,CROSS RIVER North,26,South-South,5,
182,185,Yakuur,10,9,CROSS RIVER,Yakuur_CROSS RIVER,Eyowo,1,YAKURR/ABI,86,CROSS RIVER Central,25,South-South,5,
186,186,Yala,10,9,CROSS RIVER,Yala_CROSS RIVER,Eyowo,1,OGOJA/YALA,85,CROSS RIVER North,26,South-South,5,
195,187,Aniocha North,11,10,DELTA,Aniocha North_DELTA,Eyowo,1,ANIOCHA NORTH/ANIOCHA SOUTH/OSHIMILI NORTH/OSHIMILI SOUTH,87,DELTA North,29,South-South,5,
196,188,Aniocha South,11,10,DELTA,Aniocha South_DELTA,Eyowo,1,ANIOCHA NORTH/ANIOCHA SOUTH/OSHIMILI NORTH/OSHIMILI SOUTH,87,DELTA North,29,South-South,5,
203,189,Bomadi,11,10,DELTA,Bomadi_DELTA,Eyowo,1,BOMADI/PATANI,88,DELTA South,30,South-South,5,
204,190,Burutu,11,10,DELTA,Burutu_DELTA,Eyowo,1,BURUTU,89,DELTA South,30,South-South,5,
208,191,Ethiope East,11,10,DELTA,Ethiope East_DELTA,Eyowo,1,ETHIOPE EAST/ETHIOPE WEST,90,DELTA Central,28,South-South,5,
207,192,Ethiope West,11,10,DELTA,Ethiope West_DELTA,Eyowo,1,ETHIOPE EAST/ETHIOPE WEST,90,DELTA Central,28,South-South,5,
198,193,Ika North East,11,10,DELTA,Ika North East_DELTA,Eyowo,1,IKA NORTH EAST/IKA SOUTH,91,DELTA North,29,South-South,5,
197,194,Ika South,11,10,DELTA,Ika South_DELTA,Eyowo,1,IKA NORTH EAST/IKA SOUTH,91,DELTA North,29,South-South,5,
202,195,Isoko North,11,10,DELTA,Isoko North_DELTA,Eyowo,1,ISOKO NORTH/ISOKO SOUTH,92,DELTA South,30,South-South,5,
201,196,Isoko South,11,10,DELTA,Isoko South_DELTA,Eyowo,1,ISOKO NORTH/ISOKO SOUTH,92,DELTA South,30,South-South,5,
200,197,Ndokwa East,11,10,DELTA,Ndokwa East_DELTA,Eyowo,1,NDOKWA EAST/NDOKWA WEST/UKWANI,93,DELTA North,29,South-South,5,
199,198,Ndokwa West,11,10,DELTA,Ndokwa West_DELTA,Eyowo,1,NDOKWA EAST/NDOKWA WEST/UKWANI,93,DELTA North,29,South-South,5,
210,199,Okpe,11,10,DELTA,Okpe_DELTA,Eyowo,1,OKPE/SAPELE/UVWIE,94,DELTA Central,28,South-South,5,
217,200,Oshimili North,11,10,DELTA,Oshimili North_DELTA,Eyowo,1,ANIOCHA NORTH/ANIOCHA SOUTH/OSHIMILI NORTH/OSHIMILI SOUTH,87,DELTA North,29,South-South,5,
194,201,Oshimili South,11,10,DELTA,Oshimili South_DELTA,Eyowo,1,ANIOCHA NORTH/ANIOCHA SOUTH/OSHIMILI NORTH/OSHIMILI SOUTH,87,DELTA North,29,South-South,5,
218,202,Patani,11,10,DELTA,Patani_DELTA,Eyowo,1,BOMADI/PATANI,88,DELTA South,30,South-South,5,
209,203,Sapele,11,10,DELTA,Sapele_DELTA,Eyowo,1,OKPE/SAPELE/UVWIE,94,DELTA Central,28,South-South,5,
214,204,Udu,11,10,DELTA,Udu_DELTA,Eyowo,1,UGHELLI NORTH/UGHELLI SOUTH/UDU,95,DELTA Central,28,South-South,5,
206,205,Ughelli North,11,10,DELTA,Ughelli North_DELTA,Eyowo,1,UGHELLI NORTH/UGHELLI SOUTH/UDU,95,DELTA Central,28,South-South,5,
205,206,Ughelli South,11,10,DELTA,Ughelli South_DELTA,Eyowo,1,UGHELLI NORTH/UGHELLI SOUTH/UDU,95,DELTA Central,28,South-South,5,
216,207,Ukwuani,11,10,DELTA,Ukwuani_DELTA,Eyowo,1,NDOKWA EAST/NDOKWA WEST/UKWANI,93,DELTA North,29,South-South,5,
213,208,Uvwie,11,10,DELTA,Uvwie_DELTA,Eyowo,1,OKPE/SAPELE/UVWIE,94,DELTA Central,28,South-South,5,
211,209,Warri North,11,10,DELTA,Warri North_DELTA,Eyowo,1,WARRI NORTH/WARRI SOUTH/WARRI SOUTH-WEST,96,DELTA South,30,South-South,5,
212,210,Warri South,11,10,DELTA,Warri South_DELTA,Eyowo,1,WARRI NORTH/WARRI SOUTH/WARRI SOUTH-WEST,96,DELTA South,30,South-South,5,
215,211,Warri South West,11,10,DELTA,Warri South West_DELTA,Eyowo,1,WARRI NORTH/WARRI SOUTH/WARRI SOUTH-WEST,96,DELTA South,30,South-South,5,
223,212,Abakaliki,12,11,EBONYI,Abakaliki_EBONYI,Aku,2,ABAKALIKI/IZZI,97,EBONYI North,32,South-East,4,
220,213,Afikpo North,12,11,EBONYI,Afikpo North_EBONYI,Aku,2,AFIKPO NORTH/AFIKPO SOUTH,98,EBONYI South,33,South-East,4,
219,214,Afikpo South (Edda),12,11,EBONYI,Afikpo South (Edda)_EBONYI,Aku,2,AFIKPO NORTH/AFIKPO SOUTH,98,EBONYI South,33,South-East,4,
229,215,Ebonyi,12,11,EBONYI,Ebonyi_EBONYI,Aku,2,OHAUKWU/EBONYI,102,EBONYI North,32,South-East,4,
226,216,Ezza North,12,11,EBONYI,Ezza North_EBONYI,Aku,2,EZZA NORTH/ISHIELU,99,EBONYI Central,31,South-East,4,
227,217,Ezza South,12,11,EBONYI,Ezza South_EBONYI,Aku,2,IKWO/EZZA SOUTH,100,EBONYI Central,31,South-East,4,
225,218,Ikwo,12,11,EBONYI,Ikwo_EBONYI,Aku,2,IKWO/EZZA SOUTH,100,EBONYI Central,31,South-East,4,
224,219,Ishielu,12,11,EBONYI,Ishielu_EBONYI,Aku,2,EZZA NORTH/ISHIELU,99,EBONYI Central,31,South-East,4,
230,220,Ivo,12,11,EBONYI,Ivo_EBONYI,Aku,2,IVO/OHAOZARA/ONICHA,101,EBONYI South,33,South-East,4,
772,221,Izzi,12,11,EBONYI,Izzi_EBONYI,Aku,2,ABAKALIKI/IZZI,97,EBONYI North,32,South-East,4,
222,222,Ohaozara,12,11,EBONYI,Ohaozara_EBONYI,Aku,2,IVO/OHAOZARA/ONICHA,101,EBONYI South,33,South-East,4,
228,223,Ohaukwu,12,11,EBONYI,Ohaukwu_EBONYI,Aku,2,OHAUKWU/EBONYI,102,EBONYI North,32,South-East,4,
221,224,Onicha,12,11,EBONYI,Onicha_EBONYI,Aku,2,IVO/OHAOZARA/ONICHA,101,EBONYI South,33,South-East,4,
773,225,Akoko-Edo,13,12,EDO,Akoko-Edo_EDO,Eyowo,1,AKOKO-EDO,103,EDO North,35,South-South,5,
234,226,Egor,13,12,EDO,Egor_EDO,Eyowo,1,EGOR/IKPOBA-OKHA,105,EDO South,36,South-South,5,
232,227,Esan Central,13,12,EDO,Esan Central_EDO,Eyowo,1,ESAN CENTRAL/ESAN WEST/IGUEBEN,106,EDO Central,34,South-South,5,
231,228,Esan North-East,13,12,EDO,Esan North-East_EDO,Eyowo,1,ESAN NORTH-EAST/ESAN SOUTH-EAST,107,EDO Central,34,South-South,5,
245,229,Esan South-East,13,12,EDO,Esan South-East_EDO,Eyowo,1,ESAN NORTH-EAST/ESAN SOUTH-EAST,107,EDO Central,34,South-South,5,
233,230,Esan West,13,12,EDO,Esan West_EDO,Eyowo,1,ESAN CENTRAL/ESAN WEST/IGUEBEN,106,EDO Central,34,South-South,5,
237,231,Etsako Central,13,12,EDO,Etsako Central_EDO,Eyowo,1,ETSAKO EAST/ETSAKO WEST/ETSAKO CENTRAL,108,EDO North,35,South-South,5,
244,232,Etsako East,13,12,EDO,Etsako East_EDO,Eyowo,1,ETSAKO EAST/ETSAKO WEST/ETSAKO CENTRAL,108,EDO North,35,South-South,5,
774,233,Etsako West,13,12,EDO,Etsako West_EDO,Eyowo,1,ETSAKO EAST/ETSAKO WEST/ETSAKO CENTRAL,108,EDO North,35,South-South,5,
238,234,Igueben,13,12,EDO,Igueben_EDO,Eyowo,1,ESAN CENTRAL/ESAN WEST/IGUEBEN,106,EDO Central,34,South-South,5,
235,235,Ikpoba Okha,13,12,EDO,Ikpoba Okha_EDO,Eyowo,1,EGOR/IKPOBA-OKHA,105,EDO South,36,South-South,5,
239,236,Oredo,13,12,EDO,Oredo_EDO,Eyowo,1,OREDO,109,EDO South,36,South-South,5,
242,237,Orhionmwon,13,12,EDO,Orhionmwon_EDO,Eyowo,1,ORHIONMWON/UHUNMWODE,110,EDO South,36,South-South,5,
241,238,Ovia North-East,13,12,EDO,Ovia North-East_EDO,Eyowo,1,OVIA SOUTH-WEST/OVIA NORTH-EAST,111,EDO South,36,South-South,5,
240,239,Ovia South-West,13,12,EDO,Ovia South-West_EDO,Eyowo,1,OVIA SOUTH-WEST/OVIA NORTH-EAST,111,EDO South,36,South-South,5,
775,240,Owan East,13,12,EDO,Owan East_EDO,Eyowo,1,OWAN WEST/OWAN EAST,112,EDO North,35,South-South,5,
776,241,Owan West,13,12,EDO,Owan West_EDO,Eyowo,1,OWAN WEST/OWAN EAST,112,EDO North,35,South-South,5,
243,242,Uhunmwonde,13,12,EDO,Uhunmwonde_EDO,Eyowo,1,ORHIONMWON/UHUNMWODE,110,EDO South,36,South-South,5,
246,243,Ado Ekiti,14,13,EKITI,Ado Ekiti_EKITI,Eyowo,1,ADO EKITI/IREPODUN/IFELODUN,113,EKITI Central,37,South-West,6,
259,244,Efon,14,13,EKITI,Efon_EKITI,Eyowo,1,IJERO/EKITI-WEST/EFON,117,EKITI Central,37,South-West,6,
247,245,Ekiti East,14,13,EKITI,Ekiti East_EKITI,Eyowo,1,EMURE/GBONYIN/EKITI EAST,115,EKITI South,39,South-West,6,
250,246,Ekiti South-West,14,13,EKITI,Ekiti South-West_EKITI,Eyowo,1,EKITI SOUTH-WEST/IKERE/ISE ORUN,114,EKITI South,39,South-West,6,
248,247,Ekiti West,14,13,EKITI,Ekiti West_EKITI,Eyowo,1,IJERO/EKITI-WEST/EFON,117,EKITI Central,37,South-West,6,
249,248,Emure,14,13,EKITI,Emure_EKITI,Eyowo,1,EMURE/GBONYIN/EKITI EAST,115,EKITI South,39,South-West,6,
258,249,Gbonyin,14,13,EKITI,Gbonyin_EKITI,Eyowo,1,EMURE/GBONYIN/EKITI EAST,115,EKITI South,39,South-West,6,
254,250,Ido Osi,14,13,EKITI,Ido Osi_EKITI,Eyowo,1,IDO/OSI/MOBA/ILEJEME,116,EKITI North,38,South-West,6,
253,251,Ijero,14,13,EKITI,Ijero_EKITI,Eyowo,1,IJERO/EKITI-WEST/EFON,117,EKITI Central,37,South-West,6,
251,252,Ikere,14,13,EKITI,Ikere_EKITI,Eyowo,1,EKITI SOUTH-WEST/IKERE/ISE ORUN,114,EKITI South,39,South-West,6,
256,253,Ikole,14,13,EKITI,Ikole_EKITI,Eyowo,1,IKOLE/OYE,118,EKITI North,38,South-West,6,
261,254,Ilejemeje,14,13,EKITI,Ilejemeje_EKITI,Eyowo,1,IDO/OSI/MOBA/ILEJEME,116,EKITI North,38,South-West,6,
252,255,Irepodun/Ifelodun,14,13,EKITI,Irepodun/Ifelodun_EKITI,Eyowo,1,ADO EKITI/IREPODUN/IFELODUN,113,EKITI Central,37,South-West,6,
260,256,Ise/Orun,14,13,EKITI,Ise/Orun_EKITI,Eyowo,1,EKITI SOUTH-WEST/IKERE/ISE ORUN,114,EKITI South,39,South-West,6,
257,257,Moba,14,13,EKITI,Moba_EKITI,Eyowo,1,IDO/OSI/MOBA/ILEJEME,116,EKITI North,38,South-West,6,
255,258,Oye,14,13,EKITI,Oye_EKITI,Eyowo,1,IKOLE/OYE,118,EKITI North,38,South-West,6,
275,259,Aninri,15,14,ENUGU,Aninri_ENUGU,Aku,2,ANINRI/AGWU/OJI-RIVER,119,ENUGU West,42,South-East,4,
266,260,Awgu,15,14,ENUGU,Awgu_ENUGU,Aku,2,ANINRI/AGWU/OJI-RIVER,119,ENUGU West,42,South-East,4,
274,261,Enugu East,15,14,ENUGU,Enugu East_ENUGU,Aku,2,ENUGU EAST/ISI-UZO,120,ENUGU East,40,South-East,4,
264,262,Enugu North,15,14,ENUGU,Enugu North_ENUGU,Aku,2,ENUGU NORTH/ENUGU SOUTH,121,ENUGU East,40,South-East,4,
262,263,Enugu South,15,14,ENUGU,Enugu South_ENUGU,Aku,2,ENUGU NORTH/ENUGU SOUTH,121,ENUGU East,40,South-East,4,
268,264,Ezeagu,15,14,ENUGU,Ezeagu_ENUGU,Aku,2,EZEAGU/UDI,122,ENUGU West,42,South-East,4,
272,265,Igbo Etiti,15,14,ENUGU,Igbo Etiti_ENUGU,Aku,2,IGBO-ETITI/UZO-UWANI,123,ENUGU North,41,South-East,4,
269,266,Igbo Eze North,15,14,ENUGU,Igbo Eze North_ENUGU,Aku,2,UDENU/IGBO-EZE NORTH,126,ENUGU North,41,South-East,4,
263,267,Igbo Eze South,15,14,ENUGU,Igbo Eze South_ENUGU,Aku,2,NSUKKA/IGBO-EZE SOUTH,125,ENUGU North,41,South-East,4,
270,268,Isi Uzo,15,14,ENUGU,Isi Uzo_ENUGU,Aku,2,ENUGU EAST/ISI-UZO,120,ENUGU East,40,South-East,4,
276,269,Nkanu East,15,14,ENUGU,Nkanu East_ENUGU,Aku,2,NKANU EAST/NKANU WEST,124,ENUGU East,40,South-East,4,
265,270,Nkanu West,15,14,ENUGU,Nkanu West_ENUGU,Aku,2,NKANU EAST/NKANU WEST,124,ENUGU East,40,South-East,4,
271,271,Nsukka,15,14,ENUGU,Nsukka_ENUGU,Aku,2,NSUKKA/IGBO-EZE SOUTH,125,ENUGU North,41,South-East,4,
267,272,Oji River,15,14,ENUGU,Oji River_ENUGU,Aku,2,ANINRI/AGWU/OJI-RIVER,119,ENUGU West,42,South-East,4,
277,273,Udenu,15,14,ENUGU,Udenu_ENUGU,Aku,2,UDENU/IGBO-EZE NORTH,126,ENUGU North,41,South-East,4,
777,274,Udi,15,14,ENUGU,Udi_ENUGU,Aku,2,EZEAGU/UDI,122,ENUGU West,42,South-East,4,
273,275,Uzo Uwani,15,14,ENUGU,Uzo Uwani_ENUGU,Aku,2,IGBO-ETITI/UZO-UWANI,123,ENUGU North,41,South-East,4,
22,276,Abaji,2,37,FCT,Abaji_FCT,Eyowo,1,ABAJI/GWAGWALADA/KWALI/KUJE,9,FCT,43,North-Central,1,
24,277,Bwari,2,37,FCT,Bwari_FCT,Eyowo,1,ABUJA MUNICIPAL/BWARI,10,FCT,43,North-Central,1,
20,278,Gwagwalada,2,37,FCT,Gwagwalada_FCT,Eyowo,1,ABAJI/GWAGWALADA/KWALI/KUJE,9,FCT,43,North-Central,1,
21,279,Kuje,2,37,FCT,Kuje_FCT,Aku,2,ABAJI/GWAGWALADA/KWALI/KUJE,9,FCT,43,North-Central,1,
25,280,Kwali,2,37,FCT,Kwali_FCT,Aku,2,ABAJI/GWAGWALADA/KWALI/KUJE,9,FCT,43,North-Central,1,
23,281,Municipal Area Council,2,37,FCT,Municipal Area Council_FCT,Aku,2,ABUJA MUNICIPAL/BWARI,10,FCT,43,North-Central,1,
278,282,Akko,16,15,GOMBE,Akko_GOMBE,Aku,2,AKKO ,127,GOMBE Central,44,North-East,2,
279,283,Balanga,16,15,GOMBE,Balanga_GOMBE,Aku,2,BALANGA/BILLIRI,128,GOMBE South,46,North-East,2,
280,284,Billiri,16,15,GOMBE,Billiri_GOMBE,Aku,2,BALANGA/BILLIRI,128,GOMBE South,46,North-East,2,
281,285,Dukku,16,15,GOMBE,Dukku_GOMBE,Aku,2,DUKKU/NAFADA,129,GOMBE North,45,North-East,2,
285,286,Funakaye,16,15,GOMBE,Funakaye_GOMBE,Aku,2,GOMBE/KWAMI/FUNAKAYE,130,GOMBE North,45,North-East,2,
286,287,Gombe,16,15,GOMBE,Gombe_GOMBE,Aku,2,GOMBE/KWAMI/FUNAKAYE,130,GOMBE North,45,North-East,2,
282,288,Kaltungo,16,15,GOMBE,Kaltungo_GOMBE,Aku,2,KALTUNGO/SHONGOM,131,GOMBE Central,44,North-East,2,
283,289,Kwami,16,15,GOMBE,Kwami_GOMBE,Aku,2,GOMBE/KWAMI/FUNAKAYE,130,GOMBE North,45,North-East,2,
287,290,Nafada/Bajoga,16,15,GOMBE,Nafada/Bajoga_GOMBE,Aku,2,DUKKU/NAFADA,129,GOMBE North,45,North-East,2,
284,291,Shongom,16,15,GOMBE,Shongom_GOMBE,Aku,2,KALTUNGO/SHONGOM,131,GOMBE Central,44,North-East,2,
288,292,Yamaltu/Deba,16,15,GOMBE,Yamaltu/Deba_GOMBE,Aku,2,YAMALTU/DEBA,132,GOMBE Central,44,North-East,2,
289,293,Aboh Mbaise,17,16,IMO,Aboh Mbaise_IMO,Aku,2,ABOH MBIASE/NGOR OKPALA,133,IMO East,47,South-East,4,
290,294,Ahiazu Mbaise,17,16,IMO,Ahiazu Mbaise_IMO,Aku,2,AHIAZU MBIASE/EZINIHITTE,134,IMO East,47,South-East,4,
291,295,Ehime Mbano,17,16,IMO,Ehime Mbano_IMO,Aku,2,EHIME MBANO/IHITTE-UBOMA/OBOWO,135,IMO North,48,South-East,4,
292,296,Ezinihitte,17,16,IMO,Ezinihitte_IMO,Aku,2,AHIAZU MBIASE/EZINIHITTE,134,IMO East,47,South-East,4,
293,297,Ideato North,17,16,IMO,Ideato North_IMO,Aku,2,IDEATO NORTH/IDEATO SOUTH,136,IMO West,49,South-East,4,
294,298,Ideato South,17,16,IMO,Ideato South_IMO,Aku,2,IDEATO NORTH/IDEATO SOUTH,136,IMO West,49,South-East,4,
295,299,Ihitte/Uboma,17,16,IMO,Ihitte/Uboma_IMO,Aku,2,EHIME MBANO/IHITTE-UBOMA/OBOWO,135,IMO North,48,South-East,4,
296,300,Ikeduru,17,16,IMO,Ikeduru_IMO,Aku,2,MBAITOLI/IKEDURU,139,IMO East,47,South-East,4,
297,301,Isiala Mbano,17,16,IMO,Isiala Mbano_IMO,Aku,2,ISIALA MBANO/OKIGWE/ONUIMO,137,IMO North,48,South-East,4,
298,302,Isu,17,16,IMO,Isu_IMO,Aku,2,ISU/NJABA/NKWERRE/NWANGELE,138,IMO West,49,South-East,4,
299,303,Mbaitoli,17,16,IMO,Mbaitoli_IMO,Aku,2,MBAITOLI/IKEDURU,139,IMO East,47,South-East,4,
301,304,Ngor Okpala,17,16,IMO,Ngor Okpala_IMO,Aku,2,ABOH MBIASE/NGOR OKPALA,133,IMO East,47,South-East,4,
302,305,Njaba,17,16,IMO,Njaba_IMO,Aku,2,ISU/NJABA/NKWERRE/NWANGELE,138,IMO West,49,South-East,4,
304,306,Nkwerre,17,16,IMO,Nkwerre_IMO,Aku,2,ISU/NJABA/NKWERRE/NWANGELE,138,IMO West,49,South-East,4,
303,307,Nwangele,17,16,IMO,Nwangele_IMO,Aku,2,ISU/NJABA/NKWERRE/NWANGELE,138,IMO West,49,South-East,4,
305,308,Obowo,17,16,IMO,Obowo_IMO,Aku,2,EHIME MBANO/IHITTE-UBOMA/OBOWO,135,IMO North,48,South-East,4,
306,309,Oguta,17,16,IMO,Oguta_IMO,Aku,2,OGUTA/OHAJI-EGBEMA/ORU WEST,140,IMO West,49,South-East,4,
307,310,Ohaji/Egbema,17,16,IMO,Ohaji/Egbema_IMO,Aku,2,OGUTA/OHAJI-EGBEMA/ORU WEST,140,IMO West,49,South-East,4,
308,311,Okigwe,17,16,IMO,Okigwe_IMO,Aku,2,ISIALA MBANO/OKIGWE/ONUIMO,137,IMO North,48,South-East,4,
778,312,Onuimo,17,16,IMO,Onuimo_IMO,Aku,2,ISIALA MBANO/OKIGWE/ONUIMO,137,IMO North,48,South-East,4,
309,313,Orlu,17,16,IMO,Orlu_IMO,Aku,2,ORLU/ORU EAST/ORSU,141,IMO West,49,South-East,4,
310,314,Orsu,17,16,IMO,Orsu_IMO,Aku,2,ORLU/ORU EAST/ORSU,141,IMO West,49,South-East,4,
311,315,Oru East,17,16,IMO,Oru East_IMO,Aku,2,ORLU/ORU EAST/ORSU,141,IMO West,49,South-East,4,
312,316,Oru West,17,16,IMO,Oru West_IMO,Aku,2,OGUTA/OHAJI-EGBEMA/ORU WEST,140,IMO West,49,South-East,4,
313,317,Owerri Municipal,17,16,IMO,Owerri Municipal_IMO,Aku,2,OWERRI MUNICIPAL/OWERRI NORTH/OWERRI WEST,142,IMO East,47,South-East,4,
314,318,Owerri North,17,16,IMO,Owerri North_IMO,Aku,2,OWERRI MUNICIPAL/OWERRI NORTH/OWERRI WEST,142,IMO East,47,South-East,4,
315,319,Owerri West,17,16,IMO,Owerri West_IMO,Aku,2,OWERRI MUNICIPAL/OWERRI NORTH/OWERRI WEST,142,IMO East,47,South-East,4,
316,320,Auyo,18,17,JIGAWA,Auyo_JIGAWA,Aku,2,HADEJIA/KAFIN HAUSA/AUYO,149,JIGAWA North-East,50,North-West,3,
317,321,Babura,18,17,JIGAWA,Babura_JIGAWA,Aku,2,BABURA/GARKI,143,JIGAWA North-West,51,North-West,3,
319,322,Biriniwa,18,17,JIGAWA,Biriniwa_JIGAWA,Aku,2,BIRNIWA/GURI/KIRIKA-SAMMA,145,JIGAWA North-East,50,North-West,3,
318,323,Birnin Kudu,18,17,JIGAWA,Birnin Kudu_JIGAWA,Aku,2,BIRNIN-KUDU/BUJI,144,JIGAWA South-West,52,North-West,3,
320,324,Buji,18,17,JIGAWA,Buji_JIGAWA,Aku,2,BIRNIN-KUDU/BUJI,144,JIGAWA South-West,52,North-West,3,
321,325,Dutse,18,17,JIGAWA,Dutse_JIGAWA,Aku,2,DUTSE/KIYAWA,146,JIGAWA South-West,52,North-West,3,
322,326,Gagarawa,18,17,JIGAWA,Gagarawa_JIGAWA,Aku,2,GUMEL/MAIGATARI/SULE TANKARKAR/GAGARAWA,147,JIGAWA North-West,51,North-West,3,
323,327,Garki,18,17,JIGAWA,Garki_JIGAWA,Aku,2,BABURA/GARKI,143,JIGAWA North-West,51,North-West,3,
324,328,Gumel,18,17,JIGAWA,Gumel_JIGAWA,Aku,2,GUMEL/MAIGATARI/SULE TANKARKAR/GAGARAWA,147,JIGAWA North-West,51,North-West,3,
325,329,Guri,18,17,JIGAWA,Guri_JIGAWA,Aku,2,BIRNIWA/GURI/KIRIKA-SAMMA,145,JIGAWA North-East,50,North-West,3,
326,330,Gwaram,18,17,JIGAWA,Gwaram_JIGAWA,Aku,2,GWARAM,148,JIGAWA South-West,52,North-West,3,
327,331,Gwiwa,18,17,JIGAWA,Gwiwa_JIGAWA,Aku,2,KAZAURE/RONI/GWIWA/YANKWASHI,151,JIGAWA North-West,51,North-West,3,
328,332,Hadejia,18,17,JIGAWA,Hadejia_JIGAWA,Aku,2,HADEJIA/KAFIN HAUSA/AUYO,149,JIGAWA North-East,50,North-West,3,
329,333,Jahun,18,17,JIGAWA,Jahun_JIGAWA,Aku,2,JAHUN/MIGA,150,JIGAWA South-West,52,North-West,3,
330,334,Kafin Hausa,18,17,JIGAWA,Kafin Hausa_JIGAWA,Aku,2,HADEJIA/KAFIN HAUSA/AUYO,149,JIGAWA North-East,50,North-West,3,
779,335,Kaugama,18,17,JIGAWA,Kaugama_JIGAWA,Aku,2,MALLAM MADORI/KAUGAMA,152,JIGAWA North-East,50,North-West,3,
331,336,Kazaure,18,17,JIGAWA,Kazaure_JIGAWA,Aku,2,KAZAURE/RONI/GWIWA/YANKWASHI,151,JIGAWA North-West,51,North-West,3,
332,337,Kiri Kasama,18,17,JIGAWA,Kiri Kasama_JIGAWA,Aku,2,BIRNIWA/GURI/KIRIKA-SAMMA,145,JIGAWA North-East,50,North-West,3,
333,338,Kiyawa,18,17,JIGAWA,Kiyawa_JIGAWA,Aku,2,DUTSE/KIYAWA,146,JIGAWA South-West,52,North-West,3,
334,339,Maigatari,18,17,JIGAWA,Maigatari_JIGAWA,Aku,2,GUMEL/MAIGATARI/SULE TANKARKAR/GAGARAWA,147,JIGAWA North-West,51,North-West,3,
335,340,Malam Madori,18,17,JIGAWA,Malam Madori_JIGAWA,Aku,2,MALLAM MADORI/KAUGAMA,152,JIGAWA North-East,50,North-West,3,
336,341,Miga,18,17,JIGAWA,Miga_JIGAWA,Aku,2,JAHUN/MIGA,150,JIGAWA South-West,52,North-West,3,
337,342,Ringim,18,17,JIGAWA,Ringim_JIGAWA,Aku,2,RINGIM/TAURA,153,JIGAWA North-West,51,North-West,3,
338,343,Roni,18,17,JIGAWA,Roni_JIGAWA,Aku,2,KAZAURE/RONI/GWIWA/YANKWASHI,151,JIGAWA North-West,51,North-West,3,
339,344,Sule Tankarkar,18,17,JIGAWA,Sule Tankarkar_JIGAWA,Aku,2,GUMEL/MAIGATARI/SULE TANKARKAR/GAGARAWA,147,JIGAWA North-West,51,North-West,3,
340,345,Taura,18,17,JIGAWA,Taura_JIGAWA,Aku,2,RINGIM/TAURA,153,JIGAWA North-West,51,North-West,3,
341,346,Yankwashi,18,17,JIGAWA,Yankwashi_JIGAWA,Aku,2,KAZAURE/RONI/GWIWA/YANKWASHI,151,JIGAWA North-West,51,North-West,3,
342,347,Birnin Gwari,19,18,KADUNA,Birnin Gwari_KADUNA,Aku,2,BIRNIN-GWARI/GIWA,154,KADUNA Central,53,North-West,3,
343,348,Chikun,19,18,KADUNA,Chikun_KADUNA,Aku,2,CHIKUM/KAJURU,155,KADUNA Central,53,North-West,3,
344,349,Giwa,19,18,KADUNA,Giwa_KADUNA,Aku,2,BIRNIN-GWARI/GIWA,154,KADUNA Central,53,North-West,3,
345,350,Igabi,19,18,KADUNA,Igabi_KADUNA,Aku,2,IGABI,156,KADUNA Central,53,North-West,3,
346,351,Ikara,19,18,KADUNA,Ikara_KADUNA,Eyowo,1,IKARA/KUBAU,157,KADUNA North,54,North-West,3,
347,352,Jaba,19,18,KADUNA,Jaba_KADUNA,Eyowo,1,ZANGON KATAF/JABA,168,KADUNA South,55,North-West,3,
348,353,Jema'a,19,18,KADUNA,Jema'a_KADUNA,Eyowo,1,JEMA'A/SANGA,158,KADUNA South,55,North-West,3,
349,354,Kachia,19,18,KADUNA,Kachia_KADUNA,Eyowo,1,KACHIA/KAGARKO,159,KADUNA South,55,North-West,3,
350,355,Kaduna North,19,18,KADUNA,Kaduna North_KADUNA,Aku,2,KADUNA NORTH,160,KADUNA Central,53,North-West,3,
351,356,Kaduna South,19,18,KADUNA,Kaduna South_KADUNA,Aku,2,KADUNA SOUTH,161,KADUNA Central,53,North-West,3,
352,357,Kagarko,19,18,KADUNA,Kagarko_KADUNA,Eyowo,1,KACHIA/KAGARKO,159,KADUNA South,55,North-West,3,
353,358,Kajuru,19,18,KADUNA,Kajuru_KADUNA,Aku,2,CHIKUM/KAJURU,155,KADUNA Central,53,North-West,3,
354,359,Kaura,19,18,KADUNA,Kaura_KADUNA,Eyowo,1,KAURA,162,KADUNA South,55,North-West,3,
355,360,Kauru,19,18,KADUNA,Kauru_KADUNA,Eyowo,1,KAURU,163,KADUNA South,55,North-West,3,
356,361,Kubau,19,18,KADUNA,Kubau_KADUNA,Eyowo,1,IKARA/KUBAU,157,KADUNA North,54,North-West,3,
357,362,Kudan,19,18,KADUNA,Kudan_KADUNA,Eyowo,1,MAKARFI/KUDAN,165,KADUNA North,54,North-West,3,
358,363,Lere,19,18,KADUNA,Lere_KADUNA,Eyowo,1,LERE,164,KADUNA North,54,North-West,3,
359,364,Makarfi,19,18,KADUNA,Makarfi_KADUNA,Eyowo,1,MAKARFI/KUDAN,165,KADUNA North,54,North-West,3,
360,365,Sabon Gari,19,18,KADUNA,Sabon Gari_KADUNA,Eyowo,1,SABON GARI,166,KADUNA North,54,North-West,3,
361,366,Sanga,19,18,KADUNA,Sanga_KADUNA,Eyowo,1,JEMA'A/SANGA,158,KADUNA South,55,North-West,3,
362,367,Soba,19,18,KADUNA,Soba_KADUNA,Eyowo,1,SOBA,167,KADUNA North,54,North-West,3,
363,368,Zangon Kataf,19,18,KADUNA,Zangon Kataf_KADUNA,Eyowo,1,ZANGON KATAF/JABA,168,KADUNA South,55,North-West,3,
364,369,Zaria,19,18,KADUNA,Zaria_KADUNA,Eyowo,1,ZARIA FEDERAL,169,KADUNA North,54,North-West,3,
365,370,Ajingi,20,19,KANO,Ajingi_KANO,Aku,2,ALABASU/GAYA/AJINGI,170,KANO South,58,North-West,3,
366,371,Albasu,20,19,KANO,Albasu_KANO,Aku,2,ALABASU/GAYA/AJINGI,170,KANO South,58,North-West,3,
367,372,Bagwai,20,19,KANO,Bagwai_KANO,Aku,2,BAGWAI/SHANONO,171,KANO North,57,North-West,3,
368,373,Bebeji,20,19,KANO,Bebeji_KANO,Aku,2,BEBEJI/KIRU,172,KANO South,58,North-West,3,
369,374,Bichi,20,19,KANO,Bichi_KANO,Aku,2,BICHI,173,KANO North,57,North-West,3,
370,375,Bunkure,20,19,KANO,Bunkure_KANO,Aku,2,RANO/BUNKURE/KIBIYA,188,KANO South,58,North-West,3,
371,376,Dala,20,19,KANO,Dala_KANO,Eyowo,1,DALA,174,KANO Central,56,North-West,3,
372,377,Dambatta,20,19,KANO,Dambatta_KANO,Aku,2,DAMBATTA/MAKODA,175,KANO North,57,North-West,3,
373,378,Dawakin Kudu,20,19,KANO,Dawakin Kudu_KANO,Eyowo,1,DAWAKIN KUDU/WARAWA,176,KANO Central,56,North-West,3,
374,379,Dawakin Tofa,20,19,KANO,Dawakin Tofa_KANO,Aku,2,DAWAKIN-TOFA/TOFA/RIMIN GADO,177,KANO North,57,North-West,3,
375,380,Doguwa,20,19,KANO,Doguwa_KANO,Aku,2,TUDUN-WADA/DOGUWA,192,KANO South,58,North-West,3,
376,381,Fagge,20,19,KANO,Fagge_KANO,Eyowo,1,FAGGE,178,KANO Central,56,North-West,3,
377,382,Gabasawa,20,19,KANO,Gabasawa_KANO,Aku,2,GEZAWA/GABASAWA,179,KANO North,57,North-West,3,
378,383,Garko,20,19,KANO,Garko_KANO,Aku,2,WUDIL/GARKO,193,KANO South,58,North-West,3,
379,384,Garun Mallam,20,19,KANO,Garun Mallam_KANO,Aku,2,KURA/MADOBI/GARUN MALAM,185,KANO North,57,North-West,3,
381,385,Gaya,20,19,KANO,Gaya_KANO,Aku,2,ALABASU/GAYA/AJINGI,170,KANO South,58,North-West,3,
382,386,Gezawa,20,19,KANO,Gezawa_KANO,Eyowo,1,GEZAWA/GABASAWA,179,KANO Central,56,North-West,3,
383,387,Gwale,20,19,KANO,Gwale_KANO,Eyowo,1,GWALE,180,KANO Central,56,North-West,3,
384,388,Gwarzo,20,19,KANO,Gwarzo_KANO,Aku,2,GWARZO/IKABO,181,KANO North,57,North-West,3,
385,389,Kabo,20,19,KANO,Kabo_KANO,Aku,2,GWARZO/IKABO,181,KANO North,57,North-West,3,
386,390,Kano Municipal,20,19,KANO,Kano Municipal_KANO,Eyowo,1,KANO MUNICIPAL,182,KANO Central,56,North-West,3,
387,391,Karaye,20,19,KANO,Karaye_KANO,Aku,2,KARAYE/ROGO,183,KANO North,57,North-West,3,
388,392,Kibiya,20,19,KANO,Kibiya_KANO,Aku,2,RANO/BUNKURE/KIBIYA,188,KANO South,58,North-West,3,
389,393,Kiru,20,19,KANO,Kiru_KANO,Aku,2,BEBEJI/KIRU,172,KANO South,58,North-West,3,
390,394,Kumbotso,20,19,KANO,Kumbotso_KANO,Eyowo,1,KUMBOSTO,184,KANO Central,56,North-West,3,
391,395,Kunchi,20,19,KANO,Kunchi_KANO,Aku,2,TSANYAWA/KUNCHI,191,KANO North,57,North-West,3,
392,396,Kura,20,19,KANO,Kura_KANO,Eyowo,1,KURA/MADOBI/GARUN MALAM,185,KANO Central,56,North-West,3,
393,397,Madobi,20,19,KANO,Madobi_KANO,Eyowo,1,KURA/MADOBI/GARUN MALAM,185,KANO Central,56,North-West,3,
394,398,Makoda,20,19,KANO,Makoda_KANO,Aku,2,DAMBATTA/MAKODA,175,KANO North,57,North-West,3,
395,399,Minjibir,20,19,KANO,Minjibir_KANO,Eyowo,1,MINJIBIR/UNGOGO,186,KANO Central,56,North-West,3,
396,400,Nasarawa,20,19,KANO,Nasarawa_KANO,Eyowo,1,NASARAWA,187,KANO Central,56,North-West,3,
397,401,Rano,20,19,KANO,Rano_KANO,Aku,2,RANO/BUNKURE/KIBIYA,188,KANO South,58,North-West,3,
398,402,Rimin Gado,20,19,KANO,Rimin Gado_KANO,Aku,2,DAWAKIN-TOFA/TOFA/RIMIN GADO,177,KANO North,57,North-West,3,
399,403,Rogo,20,19,KANO,Rogo_KANO,Aku,2,KARAYE/ROGO,183,KANO South,58,North-West,3,
400,404,Shanono,20,19,KANO,Shanono_KANO,Aku,2,BAGWAI/SHANONO,171,KANO North,57,North-West,3,
401,405,Sumaila,20,19,KANO,Sumaila_KANO,Aku,2,SUMAILA/TAKAI,189,KANO South,58,North-West,3,
402,406,Takai,20,19,KANO,Takai_KANO,Aku,2,SUMAILA/TAKAI,189,KANO South,58,North-West,3,
403,407,Tarauni,20,19,KANO,Tarauni_KANO,Eyowo,1,TARAUNI,190,KANO Central,56,North-West,3,
404,408,Tofa,20,19,KANO,Tofa_KANO,Aku,2,DAWAKIN-TOFA/TOFA/RIMIN GADO,177,KANO North,57,North-West,3,
405,409,Tsanyawa,20,19,KANO,Tsanyawa_KANO,Aku,2,TSANYAWA/KUNCHI,191,KANO North,57,North-West,3,
406,410,Tudun Wada,20,19,KANO,Tudun Wada_KANO,Aku,2,TUDUN-WADA/DOGUWA,192,KANO South,58,North-West,3,
407,411,Ungogo,20,19,KANO,Ungogo_KANO,Eyowo,1,MINJIBIR/UNGOGO,186,KANO Central,56,North-West,3,
408,412,Warawa,20,19,KANO,Warawa_KANO,Eyowo,1,DAWAKIN KUDU/WARAWA,176,KANO Central,56,North-West,3,
409,413,Wudil,20,19,KANO,Wudil_KANO,Aku,2,WUDIL/GARKO,193,KANO South,58,North-West,3,
410,414,Bakori,21,20,KATSINA,Bakori_KATSINA,Aku,2,BAKORI/DANJA,194,KATSINA South,61,North-West,3,
411,415,Batagarawa,21,20,KATSINA,Batagarawa_KATSINA,Aku,2,RIMI/CHARANCHI/BATAGARAWA,207,KATSINA Central,59,North-West,3,
412,416,Batsari,21,20,KATSINA,Batsari_KATSINA,Aku,2,SAFANA/BATSARI/DAN-MUSA,208,KATSINA Central,59,North-West,3,
413,417,Baure,21,20,KATSINA,Baure_KATSINA,Aku,2,BAURE/ZANGO,195,KATSINA North,60,North-West,3,
414,418,Bindawa,21,20,KATSINA,Bindawa_KATSINA,Aku,2,MANI/BINDAWA,204,KATSINA North,60,North-West,3,
415,419,Charanchi,21,20,KATSINA,Charanchi_KATSINA,Aku,2,RIMI/CHARANCHI/BATAGARAWA,207,KATSINA Central,59,North-West,3,
418,420,Dan Musa,21,20,KATSINA,Dan Musa_KATSINA,Aku,2,SAFANA/BATSARI/DAN-MUSA,208,KATSINA Central,59,North-West,3,
416,421,Dandume,21,20,KATSINA,Dandume_KATSINA,Aku,2,FUNTUA/DANDUME,198,KATSINA South,61,North-West,3,
417,422,Danja,21,20,KATSINA,Danja_KATSINA,Aku,2,BAKORI/DANJA,194,KATSINA South,61,North-West,3,
419,423,Daura,21,20,KATSINA,Daura_KATSINA,Aku,2,DAURA/SANDAMU/MAI'ADUA,196,KATSINA North,60,North-West,3,
420,424,Dutsi,21,20,KATSINA,Dutsi_KATSINA,Aku,2,MASHI/DUTSI,205,KATSINA North,60,North-West,3,
421,425,Dutsin Ma,21,20,KATSINA,Dutsin Ma_KATSINA,Aku,2,DUTSIN-MA/KURFI,197,KATSINA Central,59,North-West,3,
422,426,Faskari,21,20,KATSINA,Faskari_KATSINA,Aku,2,KANKARA/SABUWA/FASKARI,200,KATSINA South,61,North-West,3,
423,427,Funtua,21,20,KATSINA,Funtua_KATSINA,Aku,2,FUNTUA/DANDUME,198,KATSINA South,61,North-West,3,
424,428,Ingawa,21,20,KATSINA,Ingawa_KATSINA,Aku,2,KANKIA/INGAWA/KUSADA,201,KATSINA North,60,North-West,3,
425,429,Jibia,21,20,KATSINA,Jibia_KATSINA,Aku,2,KAITA/JIBIA,199,KATSINA Central,59,North-West,3,
426,430,Kafur,21,20,KATSINA,Kafur_KATSINA,Aku,2,MALUMFASHI/KAFUR,203,KATSINA South,61,North-West,3,
427,431,Kaita,21,20,KATSINA,Kaita_KATSINA,Aku,2,KAITA/JIBIA,199,KATSINA Central,59,North-West,3,
428,432,Kankara,21,20,KATSINA,Kankara_KATSINA,Aku,2,KANKARA/SABUWA/FASKARI,200,KATSINA South,61,North-West,3,
429,433,Kankia,21,20,KATSINA,Kankia_KATSINA,Aku,2,KANKIA/INGAWA/KUSADA,201,KATSINA North,60,North-West,3,
430,434,Katsina,21,20,KATSINA,Katsina_KATSINA,Aku,2,KATSINA NORTH CENTRAL,202,KATSINA Central,59,North-West,3,
431,435,Kurfi,21,20,KATSINA,Kurfi_KATSINA,Aku,2,DUTSIN-MA/KURFI,197,KATSINA Central,59,North-West,3,
432,436,Kusada,21,20,KATSINA,Kusada_KATSINA,Aku,2,KANKIA/INGAWA/KUSADA,201,KATSINA North,60,North-West,3,
433,437,Mai'Adua,21,20,KATSINA,Mai'Adua_KATSINA,Aku,2,DAURA/SANDAMU/MAI'ADUA,196,KATSINA North,60,North-West,3,
434,438,Malumfashi,21,20,KATSINA,Malumfashi_KATSINA,Aku,2,MALUMFASHI/KAFUR,203,KATSINA South,61,North-West,3,
435,439,Mani,21,20,KATSINA,Mani_KATSINA,Aku,2,MANI/BINDAWA,204,KATSINA North,60,North-West,3,
436,440,Mashi,21,20,KATSINA,Mashi_KATSINA,Aku,2,MASHI/DUTSI,205,KATSINA North,60,North-West,3,
437,441,Matazu,21,20,KATSINA,Matazu_KATSINA,Aku,2,MUSAWA/MATAZU,206,KATSINA South,61,North-West,3,
438,442,Musawa,21,20,KATSINA,Musawa_KATSINA,Aku,2,MUSAWA/MATAZU,206,KATSINA South,61,North-West,3,
439,443,Rimi,21,20,KATSINA,Rimi_KATSINA,Aku,2,RIMI/CHARANCHI/BATAGARAWA,207,KATSINA Central,59,North-West,3,
440,444,Sabuwa,21,20,KATSINA,Sabuwa_KATSINA,Aku,2,KANKARA/SABUWA/FASKARI,200,KATSINA South,61,North-West,3,
441,445,Safana,21,20,KATSINA,Safana_KATSINA,Aku,2,SAFANA/BATSARI/DAN-MUSA,208,KATSINA Central,59,North-West,3,
442,446,Sandamu,21,20,KATSINA,Sandamu_KATSINA,Aku,2,DAURA/SANDAMU/MAI'ADUA,196,KATSINA North,60,North-West,3,
443,447,Zango,21,20,KATSINA,Zango_KATSINA,Aku,2,BAURE/ZANGO,195,KATSINA North,60,North-West,3,
444,448,Aleiro,22,21,KEBBI,Aleiro_KEBBI,Aku,2,GWANDU/ALIERO/JEGA,213,KEBBI Central,62,North-West,3,
445,449,Arewa,22,21,KEBBI,Arewa_KEBBI,Aku,2,AREWA/DANDI,209,KEBBI North,63,North-West,3,
446,450,Argungu,22,21,KEBBI,Argungu_KEBBI,Aku,2,ARGUNGU/AUGIE,210,KEBBI North,63,North-West,3,
447,451,Augi,22,21,KEBBI,Augi_KEBBI,Aku,2,ARGUNGU/AUGIE,210,KEBBI North,63,North-West,3,
448,452,Bagudo,22,21,KEBBI,Bagudo_KEBBI,Aku,2,BAGUDO/SURU,211,KEBBI North,63,North-West,3,
449,453,Birnin Kebbi,22,21,KEBBI,Birnin Kebbi_KEBBI,Aku,2,BIRNIN KEBBI/KALGO/BUNZA,212,KEBBI Central,62,North-West,3,
450,454,Bunza,22,21,KEBBI,Bunza_KEBBI,Aku,2,BIRNIN KEBBI/KALGO/BUNZA,212,KEBBI Central,62,North-West,3,
451,455,Dandi,22,21,KEBBI,Dandi_KEBBI,Aku,2,AREWA/DANDI,209,KEBBI North,63,North-West,3,
452,456,Fakai,22,21,KEBBI,Fakai_KEBBI,Aku,2,ZURU/FAKAI/SAKABA/WASAGU DANKO,216,KEBBI South,64,North-West,3,
453,457,Gwandu,22,21,KEBBI,Gwandu_KEBBI,Aku,2,GWANDU/ALIERO/JEGA,213,KEBBI Central,62,North-West,3,
454,458,Jega,22,21,KEBBI,Jega_KEBBI,Aku,2,GWANDU/ALIERO/JEGA,213,KEBBI North,63,North-West,3,
455,459,Kalgo,22,21,KEBBI,Kalgo_KEBBI,Aku,2,BIRNIN KEBBI/KALGO/BUNZA,212,KEBBI Central,62,North-West,3,
456,460,Koko/Besse,22,21,KEBBI,Koko/Besse_KEBBI,Aku,2,MAIYAMA/KOKO/BESSE,214,KEBBI Central,62,North-West,3,
457,461,Maiyama,22,21,KEBBI,Maiyama_KEBBI,Aku,2,MAIYAMA/KOKO/BESSE,214,KEBBI Central,62,North-West,3,
458,462,Ngaski,22,21,KEBBI,Ngaski_KEBBI,Aku,2,YAURI/SHANGA/NGASKI,215,KEBBI South,64,North-West,3,
459,463,Sakaba,22,21,KEBBI,Sakaba_KEBBI,Aku,2,ZURU/FAKAI/SAKABA/WASAGU DANKO,216,KEBBI South,64,North-West,3,
460,464,Shanga,22,21,KEBBI,Shanga_KEBBI,Aku,2,YAURI/SHANGA/NGASKI,215,KEBBI South,64,North-West,3,
461,465,Suru,22,21,KEBBI,Suru_KEBBI,Aku,2,BAGUDO/SURU,211,KEBBI North,63,North-West,3,
462,466,Wasagu/Danko,22,21,KEBBI,Wasagu/Danko_KEBBI,Aku,2,ZURU/FAKAI/SAKABA/WASAGU DANKO,216,KEBBI South,64,North-West,3,
463,467,Yauri,22,21,KEBBI,Yauri_KEBBI,Aku,2,YAURI/SHANGA/NGASKI,215,KEBBI South,64,North-West,3,
464,468,Zuru,22,21,KEBBI,Zuru_KEBBI,Aku,2,ZURU/FAKAI/SAKABA/WASAGU DANKO,216,KEBBI South,64,North-West,3,
465,469,Adavi,23,22,KOGI,Adavi_KOGI,Eyowo,1,ADAVI/OKEHI,217,KOGI Central,65,North-Central,1,
466,470,Ajaokuta,23,22,KOGI,Ajaokuta_KOGI,Eyowo,1,AJAOKUTA,218,KOGI Central,65,North-Central,1,
467,471,Ankpa,23,22,KOGI,Ankpa_KOGI,Eyowo,1,ANKPA/OMALA/OLAMABORO,219,KOGI East,66,North-Central,1,
468,472,Bassa,23,22,KOGI,Bassa_KOGI,Eyowo,1,DEKINA/BASSA,220,KOGI East,66,North-Central,1,
469,473,Dekina,23,22,KOGI,Dekina_KOGI,Eyowo,1,DEKINA/BASSA,220,KOGI East,66,North-Central,1,
470,474,Ibaji,23,22,KOGI,Ibaji_KOGI,Eyowo,1,IDAH/IBAJI/IGALAMELA-ODOLU/OFU,221,KOGI East,66,North-Central,1,
471,475,Idah,23,22,KOGI,Idah_KOGI,Eyowo,1,IDAH/IBAJI/IGALAMELA-ODOLU/OFU,221,KOGI East,66,North-Central,1,
472,476,Igalamela Odolu,23,22,KOGI,Igalamela Odolu_KOGI,Eyowo,1,IDAH/IBAJI/IGALAMELA-ODOLU/OFU,221,KOGI East,66,North-Central,1,
473,477,Ijumu,23,22,KOGI,Ijumu_KOGI,Eyowo,1,KABBA BUNU/IJUMU,222,KOGI West,67,North-Central,1,
474,478,Kabba/Bunu,23,22,KOGI,Kabba/Bunu_KOGI,Eyowo,1,KABBA BUNU/IJUMU,222,KOGI West,67,North-Central,1,
475,479,Koton Karfi,23,22,KOGI,Koton Karfi_KOGI,Eyowo,1,LOKOJA/KOTON KARFI,223,KOGI West,67,North-Central,1,
476,480,Lokoja,23,22,KOGI,Lokoja_KOGI,Eyowo,1,LOKOJA/KOTON KARFI,223,KOGI West,67,North-Central,1,
477,481,Mopa Muro,23,22,KOGI,Mopa Muro_KOGI,Eyowo,1,YAGBA EAST/YAGBA WEST/MOPA-MURO,225,KOGI West,67,North-Central,1,
478,482,Ofu,23,22,KOGI,Ofu_KOGI,Eyowo,1,IDAH/IBAJI/IGALAMELA-ODOLU/OFU,221,KOGI East,66,North-Central,1,
479,483,Ogori/Magongo,23,22,KOGI,Ogori/Magongo_KOGI,Eyowo,1,OKENE/OGORI-MAGOGO,224,KOGI Central,65,North-Central,1,
480,484,Okehi,23,22,KOGI,Okehi_KOGI,Eyowo,1,ADAVI/OKEHI,217,KOGI Central,65,North-Central,1,
481,485,Okene,23,22,KOGI,Okene_KOGI,Eyowo,1,OKENE/OGORI-MAGOGO,224,KOGI Central,65,North-Central,1,
482,486,Olamaboro,23,22,KOGI,Olamaboro_KOGI,Eyowo,1,ANKPA/OMALA/OLAMABORO,219,KOGI East,66,North-Central,1,
483,487,Omala,23,22,KOGI,Omala_KOGI,Eyowo,1,ANKPA/OMALA/OLAMABORO,219,KOGI East,66,North-Central,1,
484,488,Yagba East,23,22,KOGI,Yagba East_KOGI,Eyowo,1,YAGBA EAST/YAGBA WEST/MOPA-MURO,225,KOGI West,67,North-Central,1,
485,489,Yagba West,23,22,KOGI,Yagba West_KOGI,Eyowo,1,YAGBA EAST/YAGBA WEST/MOPA-MURO,225,KOGI West,67,North-Central,1,
486,490,Asa,24,23,KWARA,Asa_KWARA,Eyowo,1,ASA/ILORIN WEST,226,KWARA Central,68,North-Central,1,
487,491,Baruten,24,23,KWARA,Baruten_KWARA,Eyowo,1,BARUTEN/KAIAMA,227,KWARA North,69,North-Central,1,
488,492,Edu,24,23,KWARA,Edu_KWARA,Eyowo,1,EDU/MORO/PATIGI,228,KWARA North,69,North-Central,1,
489,493,Ekiti,24,23,KWARA,Ekiti_KWARA,Eyowo,1,EKITI/ISIN/IREPODUN/OKE-ERO,229,KWARA South,70,North-Central,1,
490,494,Ifelodun,24,23,KWARA,Ifelodun_KWARA,Eyowo,1,OFFA/OYUN/IFELODUN,231,KWARA South,70,North-Central,1,
491,495,Ilorin East,24,23,KWARA,Ilorin East_KWARA,Eyowo,1,ILORIN EAST/ILORIN SOUTH,230,KWARA Central,68,North-Central,1,
780,496,Ilorin South,24,23,KWARA,Ilorin South_KWARA,Eyowo,1,ILORIN EAST/ILORIN SOUTH,230,KWARA Central,68,North-Central,1,
492,497,Ilorin West,24,23,KWARA,Ilorin West_KWARA,Eyowo,1,ASA/ILORIN WEST,226,KWARA Central,68,North-Central,1,
493,498,Irepodun,24,23,KWARA,Irepodun_KWARA,Eyowo,1,EKITI/ISIN/IREPODUN/OKE-ERO,229,KWARA South,70,North-Central,1,
494,499,Isin,24,23,KWARA,Isin_KWARA,Eyowo,1,EKITI/ISIN/IREPODUN/OKE-ERO,229,KWARA South,70,North-Central,1,
495,500,Kaiama,24,23,KWARA,Kaiama_KWARA,Eyowo,1,BARUTEN/KAIAMA,227,KWARA North,69,North-Central,1,
496,501,Moro,24,23,KWARA,Moro_KWARA,Eyowo,1,EDU/MORO/PATIGI,228,KWARA North,69,North-Central,1,
497,502,Offa,24,23,KWARA,Offa_KWARA,Eyowo,1,OFFA/OYUN/IFELODUN,231,KWARA Central,68,North-Central,1,
498,503,Oke Ero,24,23,KWARA,Oke Ero_KWARA,Eyowo,1,EKITI/ISIN/IREPODUN/OKE-ERO,229,KWARA South,70,North-Central,1,
499,504,Oyun,24,23,KWARA,Oyun_KWARA,Eyowo,1,OFFA/OYUN/IFELODUN,231,KWARA South,70,North-Central,1,
500,505,Pategi,24,23,KWARA,Pategi_KWARA,Eyowo,1,EDU/MORO/PATIGI,228,KWARA North,69,North-Central,1,
501,506,Agege,25,24,LAGOS,Agege_LAGOS,Aku,2,AGEGE,232,LAGOS West,73,South-West,6,
502,507,Ajeromi-Ifelodun,25,24,LAGOS,Ajeromi-Ifelodun_LAGOS,Aku,2,AJEROMI-IFELODUN,233,LAGOS West,73,South-West,6,
503,508,Alimosho,25,24,LAGOS,Alimosho_LAGOS,Aku,2,ALIMOSHO,234,LAGOS West,73,South-West,6,
504,509,Amuwo-Odofin,25,24,LAGOS,Amuwo-Odofin_LAGOS,Aku,2,AMUWO ODOFIN,235,LAGOS West,73,South-West,6,
505,510,Apapa,25,24,LAGOS,Apapa_LAGOS,Eyowo,1,APAPA,236,LAGOS Central,71,South-West,6,
506,511,Badagry,25,24,LAGOS,Badagry_LAGOS,Aku,2,BADAGRY,237,LAGOS West,73,South-West,6,
507,512,Epe,25,24,LAGOS,Epe_LAGOS,Eyowo,1,EPE,238,LAGOS East,72,South-West,6,
508,513,Eti Osa,25,24,LAGOS,Eti Osa_LAGOS,Eyowo,1,ETI-OSA,239,LAGOS Central,71,South-West,6,
509,514,Ibeju-Lekki,25,24,LAGOS,Ibeju-Lekki_LAGOS,Eyowo,1,IBEJU-LEKKI,240,LAGOS East,72,South-West,6,
510,515,Ifako-Ijaiye,25,24,LAGOS,Ifako-Ijaiye_LAGOS,Aku,2,IFAKO-IJAIYE,241,LAGOS West,73,South-West,6,
511,516,Ikeja,25,24,LAGOS,Ikeja_LAGOS,Aku,2,IKEJA,242,LAGOS West,73,South-West,6,
512,517,Ikorodu,25,24,LAGOS,Ikorodu_LAGOS,Eyowo,1,IKORODU,243,LAGOS East,72,South-West,6,
513,518,Kosofe,25,24,LAGOS,Kosofe_LAGOS,Eyowo,1,KOSOFE,244,LAGOS East,72,South-West,6,
514,519,Lagos Island,25,24,LAGOS,Lagos Island_LAGOS,Eyowo,1,LAGOS ISLAND 1 & 2,245,LAGOS Central,71,South-West,6,
515,520,Lagos Mainland,25,24,LAGOS,Lagos Mainland_LAGOS,Eyowo,1,LAGOS MAINLAND,246,LAGOS Central,71,South-West,6,
516,521,Mushin,25,24,LAGOS,Mushin_LAGOS,Aku,2,MUSHIN 1 & 2,247,LAGOS West,73,South-West,6,
517,522,Ojo,25,24,LAGOS,Ojo_LAGOS,Aku,2,OJO,248,LAGOS West,73,South-West,6,
518,523,Oshodi-Isolo,25,24,LAGOS,Oshodi-Isolo_LAGOS,Aku,2,OSHODI-ISOLO 1 & 2,249,LAGOS West,73,South-West,6,
519,524,Shomolu,25,24,LAGOS,Shomolu_LAGOS,Eyowo,1,SHOMOLU,250,LAGOS East,72,South-West,6,
520,525,Surulere,25,24,LAGOS,Surulere_LAGOS,Eyowo,1,SURULERE 1 & 2,251,LAGOS Central,71,South-West,6,
521,526,Akwanga,26,25,NASARAWA,Akwanga_NASARAWA,Eyowo,1,AKWANGA/NASARAWA EGGON/WAMBA,252,NASARAWA North,74,North-Central,1,
522,527,Awe,26,25,NASARAWA,Awe_NASARAWA,Eyowo,1,AWE/DOMA/KEANA,253,NASARAWA South,75,North-Central,1,
523,528,Doma,26,25,NASARAWA,Doma_NASARAWA,Eyowo,1,AWE/DOMA/KEANA,253,NASARAWA South,75,North-Central,1,
524,529,Karu,26,25,NASARAWA,Karu_NASARAWA,Eyowo,1,KARU/KEFFI/KOKONA,254,NASARAWA West,76,North-Central,1,
525,530,Keana,26,25,NASARAWA,Keana_NASARAWA,Eyowo,1,AWE/DOMA/KEANA,253,NASARAWA South,75,North-Central,1,
526,531,Keffi,26,25,NASARAWA,Keffi_NASARAWA,Eyowo,1,KARU/KEFFI/KOKONA,254,NASARAWA West,76,North-Central,1,
527,532,Kokona,26,25,NASARAWA,Kokona_NASARAWA,Eyowo,1,KARU/KEFFI/KOKONA,254,NASARAWA West,76,North-Central,1,
528,533,Lafia,26,25,NASARAWA,Lafia_NASARAWA,Eyowo,1,LAFIA/OBI,255,NASARAWA South,75,North-Central,1,
529,534,Nasarawa,26,25,NASARAWA,Nasarawa_NASARAWA,Eyowo,1,NASARAWA/TOTO,256,NASARAWA West,76,North-Central,1,
530,535,Nasarawa Egon,26,25,NASARAWA,Nasarawa Egon_NASARAWA,Eyowo,1,AKWANGA/NASARAWA EGGON/WAMBA,252,NASARAWA North,74,North-Central,1,
531,536,Obi,26,25,NASARAWA,Obi_NASARAWA,Eyowo,1,LAFIA/OBI,255,NASARAWA South,75,North-Central,1,
532,537,Toto,26,25,NASARAWA,Toto_NASARAWA,Eyowo,1,NASARAWA/TOTO,256,NASARAWA West,76,North-Central,1,
533,538,Wamba,26,25,NASARAWA,Wamba_NASARAWA,Eyowo,1,AKWANGA/NASARAWA EGGON/WAMBA,252,NASARAWA North,74,North-Central,1,
534,539,Agaie,27,26,NIGER,Agaie_NIGER,Eyowo,1,AGAIE/LAPAI,257,NIGER South,79,North-Central,1,
535,540,Agwara,27,26,NIGER,Agwara_NIGER,Eyowo,1,AGWARA/BORGU,258,NIGER North,78,North-Central,1,
536,541,Bida,27,26,NIGER,Bida_NIGER,Eyowo,1,BIDA/GBAKO/KATCHA,259,NIGER South,79,North-Central,1,
537,542,Borgu,27,26,NIGER,Borgu_NIGER,Eyowo,1,AGWARA/BORGU,258,NIGER North,78,North-Central,1,
538,543,Bosso,27,26,NIGER,Bosso_NIGER,Eyowo,1,BOSSO/PAIKORO,260,NIGER East,77,North-Central,1,
539,544,Chanchaga,27,26,NIGER,Chanchaga_NIGER,Eyowo,1,CHANCHAGA,261,NIGER East,77,North-Central,1,
540,545,Edati,27,26,NIGER,Edati_NIGER,Eyowo,1,LAVUN/MOKWA/EDATI,264,NIGER South,79,North-Central,1,
541,546,Gbako,27,26,NIGER,Gbako_NIGER,Eyowo,1,BIDA/GBAKO/KATCHA,259,NIGER South,79,North-Central,1,
542,547,Gurara,27,26,NIGER,Gurara_NIGER,Eyowo,1,GURARA/SULEJA/TAFA,262,NIGER East,77,North-Central,1,
543,548,Katcha,27,26,NIGER,Katcha_NIGER,Eyowo,1,BIDA/GBAKO/KATCHA,259,NIGER South,79,North-Central,1,
544,549,Kontagora,27,26,NIGER,Kontagora_NIGER,Eyowo,1,KONTAGORA/WUSHISHI/MARIGA/MASHEGU,263,NIGER North,78,North-Central,1,
545,550,Lapai,27,26,NIGER,Lapai_NIGER,Eyowo,1,AGAIE/LAPAI,257,NIGER South,79,North-Central,1,
546,551,Lavun,27,26,NIGER,Lavun_NIGER,Eyowo,1,LAVUN/MOKWA/EDATI,264,NIGER South,79,North-Central,1,
547,552,Magama,27,26,NIGER,Magama_NIGER,Eyowo,1,MAGAMA/RIJAU,265,NIGER North,78,North-Central,1,
548,553,Mariga,27,26,NIGER,Mariga_NIGER,Eyowo,1,KONTAGORA/WUSHISHI/MARIGA/MASHEGU,263,NIGER North,78,North-Central,1,
549,554,Mashegu,27,26,NIGER,Mashegu_NIGER,Eyowo,1,KONTAGORA/WUSHISHI/MARIGA/MASHEGU,263,NIGER North,78,North-Central,1,
550,555,Mokwa,27,26,NIGER,Mokwa_NIGER,Eyowo,1,LAVUN/MOKWA/EDATI,264,NIGER South,79,North-Central,1,
551,556,Moya,27,26,NIGER,Moya_NIGER,Eyowo,1,SHIRORO/RAFI/MUNYA,266,NIGER East,77,North-Central,1,
552,557,Paikoro,27,26,NIGER,Paikoro_NIGER,Eyowo,1,BOSSO/PAIKORO,260,NIGER East,77,North-Central,1,
553,558,Rafi,27,26,NIGER,Rafi_NIGER,Eyowo,1,SHIRORO/RAFI/MUNYA,266,NIGER East,77,North-Central,1,
554,559,Rijau,27,26,NIGER,Rijau_NIGER,Eyowo,1,MAGAMA/RIJAU,265,NIGER North,78,North-Central,1,
555,560,Shiroro,27,26,NIGER,Shiroro_NIGER,Eyowo,1,SHIRORO/RAFI/MUNYA,266,NIGER East,77,North-Central,1,
556,561,Suleja,27,26,NIGER,Suleja_NIGER,Eyowo,1,GURARA/SULEJA/TAFA,262,NIGER East,77,North-Central,1,
557,562,Tafa,27,26,NIGER,Tafa_NIGER,Eyowo,1,GURARA/SULEJA/TAFA,262,NIGER East,77,North-Central,1,
558,563,Wushishi,27,26,NIGER,Wushishi_NIGER,Eyowo,1,KONTAGORA/WUSHISHI/MARIGA/MASHEGU,263,NIGER North,78,North-Central,1,
559,564,Abeokuta North,28,27,OGUN,Abeokuta North_OGUN,Eyowo,1,ABEOKUTA NORTH/OBAFEMI-OWODE/ODEDA,267,OGUN Central,80,South-West,6,
560,565,Abeokuta South,28,27,OGUN,Abeokuta South_OGUN,Eyowo,1,ABEOKUTA SOUTH,268,OGUN Central,80,South-West,6,
561,566,Ado-Odo/Ota,28,27,OGUN,Ado-Odo/Ota_OGUN,Eyowo,1,ADO-ODO/OTA,269,OGUN West,82,South-West,6,
562,567,Egbado North,28,27,OGUN,Egbado North_OGUN,Eyowo,1,IMEKO AFON/EGBADO NORTH,275,OGUN West,82,South-West,6,
563,568,Egbado South,28,27,OGUN,Egbado South_OGUN,Eyowo,1,EGBADO SOUTH AND IPOKIA,270,OGUN West,82,South-West,6,
564,569,Ewekoro,28,27,OGUN,Ewekoro_OGUN,Eyowo,1,IFO/EWEKORO,271,OGUN Central,80,South-West,6,
565,570,Ifo,28,27,OGUN,Ifo_OGUN,Eyowo,1,IFO/EWEKORO,271,OGUN Central,80,South-West,6,
566,571,Ijebu East,28,27,OGUN,Ijebu East_OGUN,Eyowo,1,IJEBU NORTH/IJEBU EAST/OGUN WATERSIDE,272,OGUN East,81,South-West,6,
567,572,Ijebu North,28,27,OGUN,Ijebu North_OGUN,Eyowo,1,IJEBU NORTH/IJEBU EAST/OGUN WATERSIDE,272,OGUN East,81,South-West,6,
568,573,Ijebu North East,28,27,OGUN,Ijebu North East_OGUN,Eyowo,1,IJEBUODE/ODOGBOLU/IJEBU NORTH-EAST,273,OGUN East,81,South-West,6,
569,574,Ijebu Ode,28,27,OGUN,Ijebu Ode_OGUN,Eyowo,1,IJEBUODE/ODOGBOLU/IJEBU NORTH-EAST,273,OGUN East,81,South-West,6,
570,575,Ikenne,28,27,OGUN,Ikenne_OGUN,Eyowo,1,IKENNE/SHAGAMU/REMO NORTH,274,OGUN East,81,South-West,6,
571,576,Imeko Afon,28,27,OGUN,Imeko Afon_OGUN,Eyowo,1,IMEKO AFON/EGBADO NORTH,275,OGUN West,82,South-West,6,
572,577,Ipokia,28,27,OGUN,Ipokia_OGUN,Eyowo,1,EGBADO SOUTH AND IPOKIA,270,OGUN West,82,South-West,6,
573,578,Obafemi Owode,28,27,OGUN,Obafemi Owode_OGUN,Eyowo,1,ABEOKUTA NORTH/OBAFEMI-OWODE/ODEDA,267,OGUN Central,80,South-West,6,
575,579,Odeda,28,27,OGUN,Odeda_OGUN,Eyowo,1,ABEOKUTA NORTH/OBAFEMI-OWODE/ODEDA,267,OGUN Central,80,South-West,6,
576,580,Odogbolu,28,27,OGUN,Odogbolu_OGUN,Eyowo,1,IJEBUODE/ODOGBOLU/IJEBU NORTH-EAST,273,OGUN East,81,South-West,6,
574,581,Ogun Waterside,28,27,OGUN,Ogun Waterside_OGUN,Eyowo,1,IJEBU NORTH/IJEBU EAST/OGUN WATERSIDE,272,OGUN East,81,South-West,6,
577,582,Remo North,28,27,OGUN,Remo North_OGUN,Eyowo,1,IKENNE/SHAGAMU/REMO NORTH,274,OGUN East,81,South-West,6,
578,583,Shagamu,28,27,OGUN,Shagamu_OGUN,Eyowo,1,IKENNE/SHAGAMU/REMO NORTH,274,OGUN East,81,South-West,6,
579,584,Akoko North-East,29,28,ONDO,Akoko North-East_ONDO,Eyowo,1,AKOKO NORTH-EAST/AKOKO NORTH WEST,276,ONDO North,84,South-West,6,
580,585,Akoko North-West,29,28,ONDO,Akoko North-West_ONDO,Eyowo,1,AKOKO NORTH-EAST/AKOKO NORTH WEST,276,ONDO North,84,South-West,6,
581,586,Akoko South-East,29,28,ONDO,Akoko South-East_ONDO,Eyowo,1,AKOKO SOUTH EAST/ AKOKO SOUTH WEST,277,ONDO North,84,South-West,6,
582,587,Akoko South-West,29,28,ONDO,Akoko South-West_ONDO,Eyowo,1,AKOKO SOUTH EAST/ AKOKO SOUTH WEST,277,ONDO North,84,South-West,6,
583,588,Akure North,29,28,ONDO,Akure North_ONDO,Eyowo,1,AKURE NORTH/AKURE SOUTH,278,ONDO Central,83,South-West,6,
584,589,Akure South,29,28,ONDO,Akure South_ONDO,Eyowo,1,AKURE NORTH/AKURE SOUTH,278,ONDO Central,83,South-West,6,
585,590,Ese Odo,29,28,ONDO,Ese Odo_ONDO,Eyowo,1,ESE-ODO/ILAJE,279,ONDO South,85,South-West,6,
586,591,Idanre,29,28,ONDO,Idanre_ONDO,Eyowo,1,IDANRE/IFEDORE,280,ONDO Central,83,South-West,6,
587,592,Ifedore,29,28,ONDO,Ifedore_ONDO,Eyowo,1,IDANRE/IFEDORE,280,ONDO Central,83,South-West,6,
588,593,Ilaje,29,28,ONDO,Ilaje_ONDO,Eyowo,1,ESE-ODO/ILAJE,279,ONDO South,85,South-West,6,
589,594,Ile Oluji/Okeigbo,29,28,ONDO,Ile Oluji/Okeigbo_ONDO,Eyowo,1,ILEOLUJI/OKEIGBO/ODIGBO,281,ONDO South,85,South-West,6,
591,595,Irele,29,28,ONDO,Irele_ONDO,Eyowo,1,OKITIPUPA/IRELE,282,ONDO South,85,South-West,6,
592,596,Odigbo,29,28,ONDO,Odigbo_ONDO,Eyowo,1,ILEOLUJI/OKEIGBO/ODIGBO,281,ONDO South,85,South-West,6,
593,597,Okitipupa,29,28,ONDO,Okitipupa_ONDO,Eyowo,1,OKITIPUPA/IRELE,282,ONDO South,85,South-West,6,
594,598,Ondo East,29,28,ONDO,Ondo East_ONDO,Eyowo,1,ONDO EAST/ONDO WEST,283,ONDO Central,83,South-West,6,
595,599,Ondo West,29,28,ONDO,Ondo West_ONDO,Eyowo,1,ONDO EAST/ONDO WEST,283,ONDO Central,83,South-West,6,
596,600,Ose,29,28,ONDO,Ose_ONDO,Eyowo,1,OWO/OSE,284,ONDO North,84,South-West,6,
597,601,Owo,29,28,ONDO,Owo_ONDO,Eyowo,1,OWO/OSE,284,ONDO North,84,South-West,6,
598,602,Aiyedaade,30,29,OSUN,Aiyedaade_OSUN,Eyowo,1,AYEDAADE/IREWOLE/ISOKAN,286,OSUN West,88,South-West,6,
599,603,Aiyedire,30,29,OSUN,Aiyedire_OSUN,Eyowo,1,AYEDIRE/IWO/OLA-OLUWA,287,OSUN West,88,South-West,6,
600,604,Atakunmosa East,30,29,OSUN,Atakunmosa East_OSUN,Eyowo,1,ATAKUNMOSA EAST/ATAKUNMOSA WEST/ILESHA EAST/ILESHA WEST,285,OSUN East,87,South-West,6,
601,605,Atakunmosa West,30,29,OSUN,Atakunmosa West_OSUN,Eyowo,1,ATAKUNMOSA EAST/ATAKUNMOSA WEST/ILESHA EAST/ILESHA WEST,285,OSUN East,87,South-West,6,
602,606,Boluwaduro,30,29,OSUN,Boluwaduro_OSUN,Eyowo,1,BOLUWADURO/IFEDAYO/ILA,288,OSUN Central,86,South-West,6,
603,607,Boripe,30,29,OSUN,Boripe_OSUN,Eyowo,1,ODO-OTIN/IFELODUN/BORIPE,293,OSUN Central,86,South-West,6,
604,608,Ede North,30,29,OSUN,Ede North_OSUN,Eyowo,1,EDE NORTH/EDE SOUTH/EGBEDORE/EJIGBO,289,OSUN West,88,South-West,6,
605,609,Ede South,30,29,OSUN,Ede South_OSUN,Eyowo,1,EDE NORTH/EDE SOUTH/EGBEDORE/EJIGBO,289,OSUN West,88,South-West,6,
606,610,Egbedore,30,29,OSUN,Egbedore_OSUN,Eyowo,1,EDE NORTH/EDE SOUTH/EGBEDORE/EJIGBO,289,OSUN West,88,South-West,6,
607,611,Ejigbo,30,29,OSUN,Ejigbo_OSUN,Eyowo,1,EDE NORTH/EDE SOUTH/EGBEDORE/EJIGBO,289,OSUN West,88,South-West,6,
608,612,Ife Central,30,29,OSUN,Ife Central_OSUN,Eyowo,1,IFE CENTRAL/IFE NORTH/IFE SOUTH/IFE EAST,290,OSUN East,87,South-West,6,
609,613,Ife East,30,29,OSUN,Ife East_OSUN,Eyowo,1,IFE CENTRAL/IFE NORTH/IFE SOUTH/IFE EAST,290,OSUN East,87,South-West,6,
610,614,Ife North,30,29,OSUN,Ife North_OSUN,Eyowo,1,IFE CENTRAL/IFE NORTH/IFE SOUTH/IFE EAST,290,OSUN East,87,South-West,6,
611,615,Ife South,30,29,OSUN,Ife South_OSUN,Eyowo,1,IFE CENTRAL/IFE NORTH/IFE SOUTH/IFE EAST,290,OSUN East,87,South-West,6,
612,616,Ifedayo,30,29,OSUN,Ifedayo_OSUN,Eyowo,1,BOLUWADURO/IFEDAYO/ILA,288,OSUN Central,86,South-West,6,
617,617,Ifelodun,30,29,OSUN,Ifelodun_OSUN,Eyowo,1,ODO-OTIN/IFELODUN/BORIPE,293,OSUN Central,86,South-West,6,
614,618,Ila,30,29,OSUN,Ila_OSUN,Eyowo,1,BOLUWADURO/IFEDAYO/ILA,288,OSUN Central,86,South-West,6,
615,619,Ilesa East,30,29,OSUN,Ilesa East_OSUN,Eyowo,1,ATAKUNMOSA EAST/ATAKUNMOSA WEST/ILESHA EAST/ILESHA WEST,285,OSUN East,87,South-West,6,
616,620,Ilesa West,30,29,OSUN,Ilesa West_OSUN,Eyowo,1,ATAKUNMOSA EAST/ATAKUNMOSA WEST/ILESHA EAST/ILESHA WEST,285,OSUN East,87,South-West,6,
613,621,Irepodun,30,29,OSUN,Irepodun_OSUN,Eyowo,1,IREPODUN/OLORUNDA/OSOGBO/OROLU,291,OSUN Central,86,South-West,6,
618,622,Irewole,30,29,OSUN,Irewole_OSUN,Eyowo,1,AYEDAADE/IREWOLE/ISOKAN,286,OSUN West,88,South-West,6,
619,623,Isokan,30,29,OSUN,Isokan_OSUN,Eyowo,1,AYEDAADE/IREWOLE/ISOKAN,286,OSUN West,88,South-West,6,
620,624,Iwo,30,29,OSUN,Iwo_OSUN,Eyowo,1,AYEDIRE/IWO/OLA-OLUWA,287,OSUN West,88,South-West,6,
621,625,Obokun,30,29,OSUN,Obokun_OSUN,Eyowo,1,OBOKUN/ORIADE,292,OSUN East,87,South-West,6,
622,626,Odo Otin,30,29,OSUN,Odo Otin_OSUN,Eyowo,1,ODO-OTIN/IFELODUN/BORIPE,293,OSUN Central,86,South-West,6,
623,627,Ola Oluwa,30,29,OSUN,Ola Oluwa_OSUN,Eyowo,1,AYEDIRE/IWO/OLA-OLUWA,287,OSUN West,88,South-West,6,
624,628,Olorunda,30,29,OSUN,Olorunda_OSUN,Eyowo,1,IREPODUN/OLORUNDA/OSOGBO/OROLU,291,OSUN Central,86,South-West,6,
625,629,Oriade,30,29,OSUN,Oriade_OSUN,Eyowo,1,OBOKUN/ORIADE,292,OSUN East,87,South-West,6,
626,630,Orolu,30,29,OSUN,Orolu_OSUN,Eyowo,1,IREPODUN/OLORUNDA/OSOGBO/OROLU,291,OSUN Central,86,South-West,6,
627,631,Osogbo,30,29,OSUN,Osogbo_OSUN,Eyowo,1,IREPODUN/OLORUNDA/OSOGBO/OROLU,291,OSUN Central,86,South-West,6,
628,632,Afijio,31,30,OYO,Afijio_OYO,Eyowo,1,AFIJIO/OYO EAST/OYO WEST/ATIBA,294,OYO Central,89,South-West,6,
629,633,Akinyele,31,30,OYO,Akinyele_OYO,Eyowo,1,AKINYELE/LAGELU,295,OYO Central,89,South-West,6,
630,634,Atiba,31,30,OYO,Atiba_OYO,Eyowo,1,AFIJIO/OYO EAST/OYO WEST/ATIBA,294,OYO Central,89,South-West,6,
631,635,Atisbo,31,30,OYO,Atisbo_OYO,Eyowo,1,SAKI EAST/SAKI WEST/ATISBO,307,OYO North,90,South-West,6,
632,636,Egbeda,31,30,OYO,Egbeda_OYO,Eyowo,1,EGBEDA/ONA-ARA,296,OYO Central,89,South-West,6,
634,637,Ibadan North,31,30,OYO,Ibadan North_OYO,Eyowo,1,IBADAN NORTH,297,OYO South,91,South-West,6,
633,638,Ibadan North-East,31,30,OYO,Ibadan North-East_OYO,Eyowo,1,IBADAN NORTH-EAST/IBADAN SOUTH-EAST,298,OYO South,91,South-West,6,
635,639,Ibadan North-West,31,30,OYO,Ibadan North-West_OYO,Eyowo,1,IBADAN SOUTH-WEST/IBADAN NORTH-WEST,299,OYO South,91,South-West,6,
636,640,Ibadan South-East,31,30,OYO,Ibadan South-East_OYO,Eyowo,1,IBADAN NORTH-EAST/IBADAN SOUTH-EAST,298,OYO South,91,South-West,6,
637,641,Ibadan South-West,31,30,OYO,Ibadan South-West_OYO,Eyowo,1,IBADAN SOUTH-WEST/IBADAN NORTH-WEST,299,OYO South,91,South-West,6,
638,642,Ibarapa Central,31,30,OYO,Ibarapa Central_OYO,Eyowo,1,IBARAPA CENTRAL/IBARAPA NORTH,300,OYO South,91,South-West,6,
639,643,Ibarapa East,31,30,OYO,Ibarapa East_OYO,Eyowo,1,IBARAPA EAST/IDO,301,OYO South,91,South-West,6,
640,644,Ibarapa North,31,30,OYO,Ibarapa North_OYO,Eyowo,1,IBARAPA CENTRAL/IBARAPA NORTH,300,OYO South,91,South-West,6,
641,645,Ido,31,30,OYO,Ido_OYO,Eyowo,1,IBARAPA EAST/IDO,301,OYO South,91,South-West,6,
642,646,Irepo,31,30,OYO,Irepo_OYO,Eyowo,1,IREPO/ORELOPE/OLORUNSOGO,302,OYO North,90,South-West,6,
643,647,Iseyin,31,30,OYO,Iseyin_OYO,Eyowo,1,ISEYIN/ITESIWAJU/KAJOLA/IWAJOWA,303,OYO North,90,South-West,6,
644,648,Itesiwaju,31,30,OYO,Itesiwaju_OYO,Eyowo,1,ISEYIN/ITESIWAJU/KAJOLA/IWAJOWA,303,OYO North,90,South-West,6,
645,649,Iwajowa,31,30,OYO,Iwajowa_OYO,Eyowo,1,ISEYIN/ITESIWAJU/KAJOLA/IWAJOWA,303,OYO North,90,South-West,6,
646,650,Kajola,31,30,OYO,Kajola_OYO,Eyowo,1,ISEYIN/ITESIWAJU/KAJOLA/IWAJOWA,303,OYO North,90,South-West,6,
781,651,Lagelu,31,30,OYO,Lagelu_OYO,Eyowo,1,AKINYELE/LAGELU,295,OYO Central,89,South-West,6,
647,652,Ogbomosho North,31,30,OYO,Ogbomosho North_OYO,Eyowo,1,OGBOMOSO NORTH/OGBOMOSO SOUTH/ORI IRE,304,OYO North,90,South-West,6,
648,653,Ogbomosho South,31,30,OYO,Ogbomosho South_OYO,Eyowo,1,OGBOMOSO NORTH/OGBOMOSO SOUTH/ORI IRE,304,OYO North,90,South-West,6,
649,654,Ogo Oluwa,31,30,OYO,Ogo Oluwa_OYO,Eyowo,1,OGO-OLUWA/SURULERE,305,OYO Central,89,South-West,6,
650,655,Olorunsogo,31,30,OYO,Olorunsogo_OYO,Eyowo,1,IREPO/ORELOPE/OLORUNSOGO,302,OYO North,90,South-West,6,
651,656,Oluyole,31,30,OYO,Oluyole_OYO,Eyowo,1,OLUYOLE,306,OYO Central,89,South-West,6,
652,657,Ona Ara,31,30,OYO,Ona Ara_OYO,Eyowo,1,EGBEDA/ONA-ARA,296,OYO Central,89,South-West,6,
653,658,Orelope,31,30,OYO,Orelope_OYO,Eyowo,1,IREPO/ORELOPE/OLORUNSOGO,302,OYO North,90,South-West,6,
654,659,Ori Ire,31,30,OYO,Ori Ire_OYO,Eyowo,1,OGBOMOSO NORTH/OGBOMOSO SOUTH/ORI IRE,304,OYO North,90,South-West,6,
655,660,Oyo East,31,30,OYO,Oyo East_OYO,Eyowo,1,AFIJIO/OYO EAST/OYO WEST/ATIBA,294,OYO Central,89,South-West,6,
656,661,Oyo West,31,30,OYO,Oyo West_OYO,Eyowo,1,AFIJIO/OYO EAST/OYO WEST/ATIBA,294,OYO Central,89,South-West,6,
657,662,Saki East,31,30,OYO,Saki East_OYO,Eyowo,1,SAKI EAST/SAKI WEST/ATISBO,307,OYO North,90,South-West,6,
658,663,Saki West,31,30,OYO,Saki West_OYO,Eyowo,1,SAKI EAST/SAKI WEST/ATISBO,307,OYO North,90,South-West,6,
659,664,Surulere,31,30,OYO,Surulere_OYO,Eyowo,1,OGO-OLUWA/SURULERE,305,OYO Central,89,South-West,6,
660,665,Barkin Ladi,32,31,PLATEAU,Barkin Ladi_PLATEAU,Eyowo,1,BARKIN LADI/RIYOM,308,PLATEAU North,93,North-Central,1,
661,666,Bassa,32,31,PLATEAU,Bassa_PLATEAU,Eyowo,1,JOS NORTH/BASSA,310,PLATEAU North,93,North-Central,1,
662,667,Bokkos,32,31,PLATEAU,Bokkos_PLATEAU,Eyowo,1,BOKKOS/MANGU,309,PLATEAU Central,92,North-Central,1,
663,668,Jos East,32,31,PLATEAU,Jos East_PLATEAU,Eyowo,1,JOS SOUTH/JOS EAST,311,PLATEAU North,93,North-Central,1,
664,669,Jos North,32,31,PLATEAU,Jos North_PLATEAU,Eyowo,1,JOS NORTH/BASSA,310,PLATEAU North,93,North-Central,1,
665,670,Jos South,32,31,PLATEAU,Jos South_PLATEAU,Eyowo,1,JOS SOUTH/JOS EAST,311,PLATEAU North,93,North-Central,1,
666,671,Kanam,32,31,PLATEAU,Kanam_PLATEAU,Eyowo,1,KANKE/PANKSHIN/KANAM,312,PLATEAU Central,92,North-Central,1,
667,672,Kanke,32,31,PLATEAU,Kanke_PLATEAU,Eyowo,1,KANKE/PANKSHIN/KANAM,312,PLATEAU Central,92,North-Central,1,
668,673,Langtang North,32,31,PLATEAU,Langtang North_PLATEAU,Eyowo,1,LANGTANG NORTH/LANGTANG SOUTH,313,PLATEAU South,94,North-Central,1,
669,674,Langtang South,32,31,PLATEAU,Langtang South_PLATEAU,Eyowo,1,LANGTANG NORTH/LANGTANG SOUTH,313,PLATEAU South,94,North-Central,1,
670,675,Mangu,32,31,PLATEAU,Mangu_PLATEAU,Eyowo,1,BOKKOS/MANGU,309,PLATEAU Central,92,North-Central,1,
671,676,Mikang,32,31,PLATEAU,Mikang_PLATEAU,Eyowo,1,MIKANG/QUA'ANPAN/SHENDAM,314,PLATEAU South,94,North-Central,1,
672,677,Pankshin,32,31,PLATEAU,Pankshin_PLATEAU,Eyowo,1,KANKE/PANKSHIN/KANAM,312,PLATEAU Central,92,North-Central,1,
673,678,Qua'an Pan,32,31,PLATEAU,Qua'an Pan_PLATEAU,Eyowo,1,MIKANG/QUA'ANPAN/SHENDAM,314,PLATEAU South,94,North-Central,1,
674,679,Riyom,32,31,PLATEAU,Riyom_PLATEAU,Eyowo,1,BARKIN LADI/RIYOM,308,PLATEAU North,93,North-Central,1,
675,680,Shendam,32,31,PLATEAU,Shendam_PLATEAU,Eyowo,1,MIKANG/QUA'ANPAN/SHENDAM,314,PLATEAU South,94,North-Central,1,
676,681,Wase,32,31,PLATEAU,Wase_PLATEAU,Eyowo,1,WASE,315,PLATEAU South,94,North-Central,1,
677,682,Abua/Odual,33,32,RIVERS,Abua/Odual_RIVERS,Aku,2,ABUA-ODUAL/AHAODA EAST,316,RIVERS West,97,South-South,5,
678,683,Ahoada East,33,32,RIVERS,Ahoada East_RIVERS,Aku,2,ABUA-ODUAL/AHAODA EAST,316,RIVERS West,97,South-South,5,
679,684,Ahoada West,33,32,RIVERS,Ahoada West_RIVERS,Aku,2,AHOADA WEST/OGBA-EGBEMA-NDONI,317,RIVERS West,97,South-South,5,
680,685,Akuku-Toru,33,32,RIVERS,Akuku-Toru_RIVERS,Aku,2,AKUKU-TORU/ASARI-TORU,318,RIVERS West,97,South-South,5,
681,686,Andoni,33,32,RIVERS,Andoni_RIVERS,Aku,2,OPOBO/NKORO/ANDONI,326,RIVERS South-East,96,South-South,5,
682,687,Asari-Toru,33,32,RIVERS,Asari-Toru_RIVERS,Aku,2,AKUKU-TORU/ASARI-TORU,318,RIVERS West,97,South-South,5,
683,688,Bonny,33,32,RIVERS,Bonny_RIVERS,Aku,2,DEGEMA/BONNY,319,RIVERS West,97,South-South,5,
684,689,Degema,33,32,RIVERS,Degema_RIVERS,Aku,2,DEGEMA/BONNY,319,RIVERS West,97,South-South,5,
686,690,Eleme,33,32,RIVERS,Eleme_RIVERS,Aku,2,ELEME/TAI/OYIGBO,320,RIVERS South-East,96,South-South,5,
685,691,Emuoha,33,32,RIVERS,Emuoha_RIVERS,Eyowo,1,EMUOHA/IKWERRE,321,RIVERS East,95,South-South,5,
687,692,Etche,33,32,RIVERS,Etche_RIVERS,Eyowo,1,ETCHE/OMUMA,322,RIVERS East,95,South-South,5,
688,693,Gokana,33,32,RIVERS,Gokana_RIVERS,Aku,2,KHANA/GOKANA,323,RIVERS South-East,96,South-South,5,
689,694,Ikwerre,33,32,RIVERS,Ikwerre_RIVERS,Eyowo,1,EMUOHA/IKWERRE,321,RIVERS East,95,South-South,5,
690,695,Khana,33,32,RIVERS,Khana_RIVERS,Aku,2,KHANA/GOKANA,323,RIVERS South-East,96,South-South,5,
691,696,Obio/Akpor,33,32,RIVERS,Obio/Akpor_RIVERS,Eyowo,1,OBIO AKPOR,324,RIVERS East,95,South-South,5,
692,697,Ogba/Egbema/Ndoni,33,32,RIVERS,Ogba/Egbema/Ndoni_RIVERS,Aku,2,AHOADA WEST/OGBA-EGBEMA-NDONI,317,RIVERS West,97,South-South,5,
693,698,Ogu/Bolo,33,32,RIVERS,Ogu/Bolo_RIVERS,Eyowo,1,OKRIKA/OGU-BOLO,325,RIVERS East,95,South-South,5,
694,699,Okrika,33,32,RIVERS,Okrika_RIVERS,Eyowo,1,OKRIKA/OGU-BOLO,325,RIVERS East,95,South-South,5,
695,700,Omuma,33,32,RIVERS,Omuma_RIVERS,Eyowo,1,ETCHE/OMUMA,322,RIVERS East,95,South-South,5,
696,701,Opobo/Nkoro,33,32,RIVERS,Opobo/Nkoro_RIVERS,Aku,2,OPOBO/NKORO/ANDONI,326,RIVERS South-East,96,South-South,5,
697,702,Oyigbo,33,32,RIVERS,Oyigbo_RIVERS,Aku,2,ELEME/TAI/OYIGBO,320,RIVERS South-East,96,South-South,5,
698,703,Port Harcourt,33,32,RIVERS,Port Harcourt_RIVERS,Eyowo,1,PORT HARCOURT 1 & 2,327,RIVERS East,95,South-South,5,
699,704,Tai,33,32,RIVERS,Tai_RIVERS,Aku,2,ELEME/TAI/OYIGBO,320,RIVERS South-East,96,South-South,5,
700,705,Binji,34,33,SOKOTO,Binji_SOKOTO,Aku,2,BINJI/SILAME,328,SOKOTO North,99,North-West,3,
701,706,Bodinga,34,33,SOKOTO,Bodinga_SOKOTO,Aku,2,DANGE-SHUNI/BODINGA/TURETA,329,SOKOTO South,100,North-West,3,
702,707,Dange Shuni,34,33,SOKOTO,Dange Shuni_SOKOTO,Aku,2,DANGE-SHUNI/BODINGA/TURETA,329,SOKOTO South,100,North-West,3,
703,708,Gada,34,33,SOKOTO,Gada_SOKOTO,Aku,2,GORONYO/GADA,330,SOKOTO East,98,North-West,3,
704,709,Goronyo,34,33,SOKOTO,Goronyo_SOKOTO,Aku,2,GORONYO/GADA,330,SOKOTO East,98,North-West,3,
705,710,Gudu,34,33,SOKOTO,Gudu_SOKOTO,Aku,2,TANGAZA/GUDU,336,SOKOTO North,99,North-West,3,
706,711,Gwadabawa,34,33,SOKOTO,Gwadabawa_SOKOTO,Aku,2,ILLELA/GWADABAWA,331,SOKOTO East,98,North-West,3,
707,712,Illela,34,33,SOKOTO,Illela_SOKOTO,Aku,2,ILLELA/GWADABAWA,331,SOKOTO East,98,North-West,3,
708,713,Isa,34,33,SOKOTO,Isa_SOKOTO,Aku,2,ISA/SABON BIRNIN,332,SOKOTO East,98,North-West,3,
710,714,Kebbe,34,33,SOKOTO,Kebbe_SOKOTO,Aku,2,KEBBE/TAMBUWAL,333,SOKOTO South,100,North-West,3,
709,715,Kware,34,33,SOKOTO,Kware_SOKOTO,Aku,2,KWARE/WAMAKKO,334,SOKOTO North,99,North-West,3,
711,716,Rabah,34,33,SOKOTO,Rabah_SOKOTO,Aku,2,WURNO/RABAH,337,SOKOTO East,98,North-West,3,
712,717,Sabon Birni,34,33,SOKOTO,Sabon Birni_SOKOTO,Aku,2,ISA/SABON BIRNIN,332,SOKOTO East,98,North-West,3,
713,718,Shagari,34,33,SOKOTO,Shagari_SOKOTO,Aku,2,YABO/SHAGARI,338,SOKOTO South,100,North-West,3,
714,719,Silame,34,33,SOKOTO,Silame_SOKOTO,Aku,2,BINJI/SILAME,328,SOKOTO North,99,North-West,3,
715,720,Sokoto North,34,33,SOKOTO,Sokoto North_SOKOTO,Aku,2,SOKOTO NORTH/SOKOTO SOUTH,335,SOKOTO North,99,North-West,3,
716,721,Sokoto South,34,33,SOKOTO,Sokoto South_SOKOTO,Aku,2,SOKOTO NORTH/SOKOTO SOUTH,335,SOKOTO North,99,North-West,3,
717,722,Tambuwal,34,33,SOKOTO,Tambuwal_SOKOTO,Aku,2,KEBBE/TAMBUWAL,333,SOKOTO South,100,North-West,3,
718,723,Tangaza,34,33,SOKOTO,Tangaza_SOKOTO,Aku,2,TANGAZA/GUDU,336,SOKOTO North,99,North-West,3,
719,724,Tureta,34,33,SOKOTO,Tureta_SOKOTO,Aku,2,DANGE-SHUNI/BODINGA/TURETA,329,SOKOTO South,100,North-West,3,
720,725,Wamako,34,33,SOKOTO,Wamako_SOKOTO,Aku,2,KWARE/WAMAKKO,334,SOKOTO North,99,North-West,3,
721,726,Wurno,34,33,SOKOTO,Wurno_SOKOTO,Aku,2,WURNO/RABAH,337,SOKOTO East,98,North-West,3,
722,727,Yabo,34,33,SOKOTO,Yabo_SOKOTO,Aku,2,YABO/SHAGARI,338,SOKOTO South,100,North-West,3,
723,728,Ardo Kola,35,34,TARABA,Ardo Kola_TARABA,Aku,2,KARIM LAMIDO/LAU/ARDO-KOLA,342,TARABA North,102,North-East,2,
724,729,Bali,35,34,TARABA,Bali_TARABA,Aku,2,BALI/GASSOL,339,TARABA Central,101,North-East,2,
725,730,Donga,35,34,TARABA,Donga_TARABA,Aku,2,TAKUM/DONGA/USSA,344,TARABA South,103,North-East,2,
726,731,Gashaka,35,34,TARABA,Gashaka_TARABA,Aku,2,SARDAUNA/KURMI/GASHAKA,343,TARABA Central,101,North-East,2,
727,732,Gassol,35,34,TARABA,Gassol_TARABA,Aku,2,BALI/GASSOL,339,TARABA Central,101,North-East,2,
728,733,Ibi,35,34,TARABA,Ibi_TARABA,Aku,2,IBI/WUKARI,340,TARABA South,103,North-East,2,
729,734,Jalingo,35,34,TARABA,Jalingo_TARABA,Aku,2,JALINGO/YORRO/ZING,341,TARABA North,102,North-East,2,
730,735,Karim Lamido,35,34,TARABA,Karim Lamido_TARABA,Aku,2,KARIM LAMIDO/LAU/ARDO-KOLA,342,TARABA North,102,North-East,2,
731,736,Kumi,35,34,TARABA,Kumi_TARABA,Aku,2,SARDAUNA/KURMI/GASHAKA,343,TARABA Central,101,North-East,2,
732,737,Lau,35,34,TARABA,Lau_TARABA,Aku,2,KARIM LAMIDO/LAU/ARDO-KOLA,342,TARABA North,102,North-East,2,
733,738,Sardauna,35,34,TARABA,Sardauna_TARABA,Aku,2,SARDAUNA/KURMI/GASHAKA,343,TARABA Central,101,North-East,2,
734,739,Takum,35,34,TARABA,Takum_TARABA,Aku,2,TAKUM/DONGA/USSA,344,TARABA South,103,North-East,2,
735,740,Ussa,35,34,TARABA,Ussa_TARABA,Aku,2,TAKUM/DONGA/USSA,344,TARABA South,103,North-East,2,
736,741,Wukari,35,34,TARABA,Wukari_TARABA,Aku,2,IBI/WUKARI,340,TARABA South,103,North-East,2,
737,742,Yorro,35,34,TARABA,Yorro_TARABA,Aku,2,JALINGO/YORRO/ZING,341,TARABA North,102,North-East,2,
738,743,Zing,35,34,TARABA,Zing_TARABA,Aku,2,JALINGO/YORRO/ZING,341,TARABA North,102,North-East,2,
739,744,Bade,36,35,YOBE,Bade_YOBE,Aku,2,BADE/JAKUSKO,345,YOBE North,105,North-East,2,
740,745,Bursari,36,35,YOBE,Bursari_YOBE,Aku,2,BURSARI/GEIDAM/YUNUSARI,346,YOBE East,104,North-East,2,
741,746,Damaturu,36,35,YOBE,Damaturu_YOBE,Aku,2,DAMATURU/GUJBA/GULANI/TARMUWA,347,YOBE South,106,North-East,2,
742,747,Fika,36,35,YOBE,Fika_YOBE,Aku,2,FIKA/FUNE,348,YOBE South,106,North-East,2,
743,748,Fune,36,35,YOBE,Fune_YOBE,Aku,2,FIKA/FUNE,348,YOBE South,106,North-East,2,
744,749,Geidam,36,35,YOBE,Geidam_YOBE,Aku,2,BURSARI/GEIDAM/YUNUSARI,346,YOBE East,104,North-East,2,
745,750,Gujba,36,35,YOBE,Gujba_YOBE,Aku,2,DAMATURU/GUJBA/GULANI/TARMUWA,347,YOBE East,104,North-East,2,
746,751,Gulani,36,35,YOBE,Gulani_YOBE,Aku,2,DAMATURU/GUJBA/GULANI/TARMUWA,347,YOBE East,104,North-East,2,
747,752,Jakusko,36,35,YOBE,Jakusko_YOBE,Aku,2,BADE/JAKUSKO,345,YOBE North,105,North-East,2,
748,753,Karasuwa,36,35,YOBE,Karasuwa_YOBE,Aku,2,MACHINA/NGURU/YUSUFARI/KARASUWA,349,YOBE North,105,North-East,2,
750,754,Machina,36,35,YOBE,Machina_YOBE,Aku,2,MACHINA/NGURU/YUSUFARI/KARASUWA,349,YOBE North,105,North-East,2,
751,755,Nangere,36,35,YOBE,Nangere_YOBE,Aku,2,NANGERE/POTISKUM,350,YOBE South,106,North-East,2,
752,756,Nguru,36,35,YOBE,Nguru_YOBE,Aku,2,MACHINA/NGURU/YUSUFARI/KARASUWA,349,YOBE North,105,North-East,2,
782,757,Potiskum,36,35,YOBE,Potiskum_YOBE,Aku,2,NANGERE/POTISKUM,350,YOBE South,106,North-East,2,
753,758,Tarmuwa,36,35,YOBE,Tarmuwa_YOBE,Aku,2,DAMATURU/GUJBA/GULANI/TARMUWA,347,YOBE East,104,North-East,2,
754,759,Yunusari,36,35,YOBE,Yunusari_YOBE,Aku,2,BURSARI/GEIDAM/YUNUSARI,346,YOBE East,104,North-East,2,
755,760,Yusufari,36,35,YOBE,Yusufari_YOBE,Aku,2,MACHINA/NGURU/YUSUFARI/KARASUWA,349,YOBE North,105,North-East,2,
756,761,Anka,37,36,ZAMFARA,Anka_ZAMFARA,Aku,2,ANKA/TALATA MARAFA,351,ZAMFARA West,109,North-West,3,
757,762,Bakura,37,36,ZAMFARA,Bakura_ZAMFARA,Aku,2,BAKURA/MARADUN,352,ZAMFARA West,109,North-West,3,
758,763,Birnin Magaji/Kiyaw,37,36,ZAMFARA,Birnin Magaji/Kiyaw_ZAMFARA,Aku,2,KAURA-NAMODA/BIRNIN MAGAJI,356,ZAMFARA North,108,North-West,3,
759,764,Bukkuyum,37,36,ZAMFARA,Bukkuyum_ZAMFARA,Aku,2,GUMMI/BUKKUYUM,355,ZAMFARA West,109,North-West,3,
760,765,Bungudu,37,36,ZAMFARA,Bungudu_ZAMFARA,Aku,2,BUNGUDU/MARU,353,ZAMFARA Central,107,North-West,3,
761,766,Gummi,37,36,ZAMFARA,Gummi_ZAMFARA,Aku,2,GUMMI/BUKKUYUM,355,ZAMFARA West,109,North-West,3,
762,767,Gusau,37,36,ZAMFARA,Gusau_ZAMFARA,Aku,2,GASAU/TSAFE,354,ZAMFARA Central,107,North-West,3,
763,768,Kaura Namoda,37,36,ZAMFARA,Kaura Namoda_ZAMFARA,Aku,2,KAURA-NAMODA/BIRNIN MAGAJI,356,ZAMFARA North,108,North-West,3,
765,769,Maradun,37,36,ZAMFARA,Maradun_ZAMFARA,Aku,2,BAKURA/MARADUN,352,ZAMFARA West,109,North-West,3,
766,770,Maru,37,36,ZAMFARA,Maru_ZAMFARA,Aku,2,BUNGUDU/MARU,353,ZAMFARA Central,107,North-West,3,
767,771,Shinkafi,37,36,ZAMFARA,Shinkafi_ZAMFARA,Aku,2,SHINKAFI/ZURMI,357,ZAMFARA North,108,North-West,3,
768,772,Talata Mafara,37,36,ZAMFARA,Talata Mafara_ZAMFARA,Aku,2,ANKA/TALATA MARAFA,351,ZAMFARA North,108,North-West,3,
769,773,Tsafe,37,36,ZAMFARA,Tsafe_ZAMFARA,Aku,2,GASAU/TSAFE,354,ZAMFARA Central,107,North-West,3,
770,774,Zurmi,37,36,ZAMFARA,Zurmi_ZAMFARA,Aku,2,SHINKAFI/ZURMI,357,ZAMFARA North,108,North-West,3,